len(links)=1971
scanning link :https://www.uio.no/studier/emner/hf/ifikk/ANT1000/v25/timeplan/index.html
could not scan /studier/emner/hf/ifikk/ANT1000/index.html: list index out of range
scanning link :https://www.uio.no/studier/emner/hf/ifikk/ANT1500/v25/timeplan/index.html
could not scan /studier/emner/hf/ifikk/ANT1500/index.html: list index out of range
scanning link :https://www.uio.no/studier/emner/hf/ifikk/ANT2210/v25/timeplan/index.html
scanning link :https://www.uio.no/studier/emner/hf/ifikk/ANT2211/v25/timeplan/index.html
scanning link :https://www.uio.no/studier/emner/hf/ifikk/ANT2221/v25/timeplan/index.html
scanning link :https://www.uio.no/studier/emner/hf/ifikk/ANT2222/v25/timeplan/index.html
scanning link :https://www.uio.no/studier/emner/hf/ifikk/ANT2700/v25/timeplan/index.html
scanning link :https://www.uio.no/studier/emner/hf/ifikk/ANT2800/v25/timeplan/index.html
could not scan /studier/emner/hf/ifikk/ANT2800/index.html: list index out of range
could not scan /studier/emner/hf/ifikk/ANT4900/index.html: 'NoneType' object has no attribute 'a'
scanning link :https://www.uio.no/studier/emner/sv/sai/ANTH4090/v25/timeplan/index.html
could not scan /studier/emner/sv/sai/ANTH4092/index.html: 'NoneType' object has no attribute 'a'
scanning link :https://www.uio.no/studier/emner/sv/sai/ANTH4100/v25/timeplan/index.html
could not scan /studier/emner/sv/sai/ANTH4100/index.html: list index out of range
scanning link :https://www.uio.no/studier/emner/sv/sai/ANTH4150/v25/timeplan/index.html
could not scan /studier/emner/sv/sai/ANTH4150/index.html: list index out of range
could not scan /studier/emner/sv/sai/ANTH4210/index.html: 'NoneType' object has no attribute 'a'
scanning link :https://www.uio.no/studier/emner/sv/sai/ANTH4610/v25/timeplan/index.html
could not scan /studier/emner/sv/sai/ANTH4610/index.html: list index out of range
scanning link :https://www.uio.no/studier/emner/sv/sai/ANTH4620/v25/timeplan/index.html
could not scan /studier/emner/sv/sai/ANTH4620/index.html: list index out of range
scanning link :https://www.uio.no/studier/emner/sv/sai/ANTH4710/v25/timeplan/index.html
scanning link :https://www.uio.no/studier/emner/sv/sai/ANTH4730/v25/timeplan/index.html
could not scan /studier/emner/sv/sai/ANTH4730/index.html: list index out of range
scanning link :https://www.uio.no/studier/emner/hf/ikos/ARA1020/v25/timeplan/index.html
could not scan /studier/emner/hf/ikos/ARA1020/index.html: list index out of range
could not scan /studier/emner/hf/ikos/ARA2010/index.html: 'NoneType' object has no attribute 'a'
scanning link :https://www.uio.no/studier/emner/hf/ikos/ARA3010/v25/timeplan/index.html
could not scan /studier/emner/hf/ikos/ARA3010/index.html: list index out of range
could not scan /studier/emner/hf/ikos/ARA3110/index.html: 'NoneType' object has no attribute 'a'
could not scan /studier/emner/hf/ikos/ARA3120/index.html: 'NoneType' object has no attribute 'a'
scanning link :https://www.uio.no/studier/emner/hf/iakh/ARK1010/v25/timeplan/index.html
could not scan /studier/emner/hf/iakh/ARK1010/index.html: list index out of range
scanning link :https://www.uio.no/studier/emner/hf/iakh/ARK1020/v25/timeplan/index.html
could not scan /studier/emner/hf/iakh/ARK1020/index.html: list index out of range
scanning link :https://www.uio.no/studier/emner/hf/iakh/ARK1030/v25/timeplan/index.html
could not scan /studier/emner/hf/iakh/ARK1030/index.html: list index out of range
scanning link :https://www.uio.no/studier/emner/hf/iakh/ARK2110/v25/timeplan/index.html
could not scan /studier/emner/hf/iakh/ARK2110/index.html: list index out of range
scanning link :https://www.uio.no/studier/emner/hf/iakh/ARK2120/v25/timeplan/index.html
could not scan /studier/emner/hf/iakh/ARK2120/index.html: list index out of range
scanning link :https://www.uio.no/studier/emner/hf/iakh/ARK2130/v25/timeplan/index.html
could not scan /studier/emner/hf/iakh/ARK2130/index.html: list index out of range
scanning link :https://www.uio.no/studier/emner/hf/iakh/ARK3090/v25/timeplan/index.html
could not scan /studier/emner/hf/iakh/ARK3090/index.html: list index out of range
scanning link :https://www.uio.no/studier/emner/hf/iakh/ARK4090/v25/timeplan/index.html
could not scan /studier/emner/hf/iakh/ARK4090/index.html: list index out of range
scanning link :https://www.uio.no/studier/emner/hf/iakh/ARK4120/v25/timeplan/index.html
could not scan /studier/emner/hf/iakh/ARK4120/index.html: list index out of range
scanning link :https://www.uio.no/studier/emner/hf/iakh/ARK4130/v25/timeplan/index.html
scanning link :https://www.uio.no/studier/emner/hf/iakh/ARK4180/v25/timeplan/index.html
could not scan /studier/emner/hf/iakh/ARK4180/index.html: list index out of range
scanning link :https://www.uio.no/studier/emner/hf/iakh/ARK4210/v25/timeplan/index.html
could not scan /studier/emner/hf/iakh/ARK4210/index.html: list index out of range
scanning link :https://www.uio.no/studier/emner/hf/iakh/ARK4250/v25/timeplan/index.html
could not scan /studier/emner/hf/iakh/ARK4250/index.html: list index out of range
scanning link :https://www.uio.no/studier/emner/hf/iakh/ARK4300/v25/timeplan/index.html
could not scan /studier/emner/hf/iakh/ARK4300/index.html: list index out of range
scanning link :https://www.uio.no/studier/emner/hf/iakh/ARK4301/v25/timeplan/index.html
could not scan /studier/emner/hf/iakh/ARK4301/index.html: list index out of range
scanning link :https://www.uio.no/studier/emner/matnat/astro/AST1010/v25/timeplan/index.html
could not scan /studier/emner/matnat/astro/AST1010/index.html: list index out of range
scanning link :https://www.uio.no/studier/emner/matnat/astro/AST2100/v25/timeplan/index.html
could not scan /studier/emner/matnat/astro/AST2100/index.html: list index out of range
scanning link :https://www.uio.no/studier/emner/matnat/astro/AST3220/v25/timeplan/index.html
could not scan /studier/emner/matnat/astro/AST3220/index.html: list index out of range
scanning link :https://www.uio.no/studier/emner/matnat/astro/AST3310/v25/timeplan/index.html
could not scan /studier/emner/matnat/astro/AST3310/index.html: list index out of range
scanning link :https://www.uio.no/studier/emner/matnat/astro/AST5110/v25/timeplan/index.html
could not scan /studier/emner/matnat/astro/AST5110/index.html: list index out of range
scanning link :https://www.uio.no/studier/emner/matnat/astro/AST5220/v25/timeplan/index.html
could not scan /studier/emner/matnat/astro/AST5220/index.html: list index out of range
scanning link :https://www.uio.no/studier/emner/matnat/astro/AST5770/v25/timeplan/index.html
could not scan /studier/emner/matnat/astro/AST5770/index.html: list index out of range
scanning link :https://www.uio.no/studier/emner/matnat/astro/AST9110/v25/timeplan/index.html
could not scan /studier/emner/matnat/astro/AST9110/index.html: list index out of range
scanning link :https://www.uio.no/studier/emner/matnat/astro/AST9310/v25/timeplan/index.html
scanning link :https://www.uio.no/studier/emner/matnat/astro/AST9420/v25/timeplan/index.html
could not scan /studier/emner/matnat/astro/AST9420/index.html: list index out of range
scanning link :https://www.uio.no/studier/emner/matnat/ibv/BIO9905MERG1/v25/timeplan/index.html
could not scan /studier/emner/matnat/ibv/BIO9905MERG1/index.html: list index out of range
scanning link :https://www.uio.no/studier/emner/matnat/ibv/BIOS1010/v25/timeplan/index.html
scanning link :https://www.uio.no/studier/emner/matnat/ibv/BIOS1120/v25/timeplan/index.html
scanning link :https://www.uio.no/studier/emner/matnat/ibv/BIOS1130/v25/timeplan/index.html
scanning link :https://www.uio.no/studier/emner/matnat/ibv/BIOS2100/v25/timeplan/index.html
scanning link :https://www.uio.no/studier/emner/matnat/ibv/BIOS2220/v25/timeplan/index.html
scanning link :https://www.uio.no/studier/emner/matnat/ibv/BIOS2910/v25/timeplan/index.html
could not scan /studier/emner/matnat/ibv/BIOS2910/index.html: list index out of range
scanning link :https://www.uio.no/studier/emner/matnat/ibv/BIOS3000/v25/timeplan/index.html
could not scan /studier/emner/matnat/ibv/BIOS3000/index.html: list index out of range
scanning link :https://www.uio.no/studier/emner/matnat/ibv/BIOS3010/v25/timeplan/index.html
could not scan /studier/emner/matnat/ibv/BIOS3010/index.html: list index out of range
scanning link :https://www.uio.no/studier/emner/matnat/ibv/BIOS3050/v25/timeplan/index.html
could not scan /studier/emner/matnat/ibv/BIOS3050/index.html: list index out of range
scanning link :https://www.uio.no/studier/emner/matnat/ibv/BIOS3060/v25/timeplan/index.html
could not scan /studier/emner/matnat/ibv/BIOS3060/index.html: list index out of range
could not scan /studier/emner/matnat/ibv/BIOS3100/index.html: 'NoneType' object has no attribute 'a'
scanning link :https://www.uio.no/studier/emner/matnat/ibv/BIOS3700/v25/timeplan/index.html
could not scan /studier/emner/matnat/ibv/BIOS3700/index.html: list index out of range
scanning link :https://www.uio.no/studier/emner/matnat/ibv/BIOS3900/v25/timeplan/index.html
could not scan /studier/emner/matnat/ibv/BIOS3900/index.html: list index out of range
scanning link :https://www.uio.no/studier/emner/matnat/ibv/BIOS3910/v25/timeplan/index.html
could not scan /studier/emner/matnat/ibv/BIOS3910/index.html: list index out of range
scanning link :https://www.uio.no/studier/emner/matnat/ibv/BIOS3920/v25/timeplan/index.html
could not scan /studier/emner/matnat/ibv/BIOS3920/index.html: list index out of range
scanning link :https://www.uio.no/studier/emner/matnat/ibv/BIOS4000/v25/timeplan/index.html
could not scan /studier/emner/matnat/ibv/BIOS4000/index.html: list index out of range
could not scan /studier/emner/matnat/ibv/BIOS4100/index.html: 'NoneType' object has no attribute 'a'
scanning link :https://www.uio.no/studier/emner/matnat/ibv/BIOS4120/v25/timeplan/index.html
could not scan /studier/emner/matnat/ibv/BIOS4120/index.html: list index out of range
scanning link :https://www.uio.no/studier/emner/matnat/ibv/BIOS4215/v25/timeplan/index.html
could not scan /studier/emner/matnat/ibv/BIOS4215/index.html: list index out of range
could not scan /studier/emner/matnat/ibv/BIOS4216/index.html: 'NoneType' object has no attribute 'a'
scanning link :https://www.uio.no/studier/emner/matnat/ibv/BIOS4315/v25/timeplan/index.html
could not scan /studier/emner/matnat/ibv/BIOS4315/index.html: list index out of range
scanning link :https://www.uio.no/studier/emner/matnat/ibv/BIOS4400/v25/timeplan/index.html
scanning link :https://www.uio.no/studier/emner/matnat/ibv/BIOS5100/v25/timeplan/index.html
could not scan /studier/emner/matnat/ibv/BIOS5100/index.html: list index out of range
scanning link :https://www.uio.no/studier/emner/matnat/ibv/BIOS5111/v25/timeplan/index.html
could not scan /studier/emner/matnat/ibv/BIOS5115/index.html: 'NoneType' object has no attribute 'a'
scanning link :https://www.uio.no/studier/emner/matnat/ibv/BIOS5210/v25/timeplan/index.html
could not scan /studier/emner/matnat/ibv/BIOS5210/index.html: list index out of range
scanning link :https://www.uio.no/studier/emner/matnat/ibv/BIOS5213/v25/timeplan/index.html
could not scan /studier/emner/matnat/ibv/BIOS5213/index.html: list index out of range
scanning link :https://www.uio.no/studier/emner/matnat/ibv/BIOS5214/v25/timeplan/index.html
could not scan /studier/emner/matnat/ibv/BIOS5214/index.html: list index out of range
scanning link :https://www.uio.no/studier/emner/matnat/ibv/BIOS5217/v25/timeplan/index.html
could not scan /studier/emner/matnat/ibv/BIOS5217/index.html: list index out of range
could not scan /studier/emner/matnat/ibv/BIOS5311/index.html: list index out of range
could not scan /studier/emner/matnat/ibv/BIOS5311F/index.html: 'NoneType' object has no attribute 'a'
scanning link :https://www.uio.no/studier/emner/matnat/ibv/BIOS5410/v25/timeplan/index.html
could not scan /studier/emner/matnat/ibv/BIOS5410/index.html: list index out of range
scanning link :https://www.uio.no/studier/emner/matnat/ibv/BIOS5610/v25/timeplan/index.html
could not scan /studier/emner/matnat/ibv/BIOS5610/index.html: list index out of range
scanning link :https://www.uio.no/studier/emner/matnat/ibv/BIOS5710/v25/timeplan/index.html
scanning link :https://www.uio.no/studier/emner/matnat/ibv/BIOS5812/v25/timeplan/index.html
could not scan /studier/emner/matnat/ibv/BIOS5812/index.html: list index out of range
could not scan /studier/emner/matnat/ibv/BIOS5910/index.html: 'NoneType' object has no attribute 'a'
could not scan /studier/emner/matnat/ibv/BIOS5930L/index.html: 'NoneType' object has no attribute 'a'
scanning link :https://www.uio.no/studier/emner/matnat/ibv/BIOS5960/v25/timeplan/index.html
could not scan /studier/emner/matnat/ibv/BIOS5960/index.html: list index out of range
could not scan /studier/emner/matnat/ibv/BIOS9100/index.html: list index out of range
scanning link :https://www.uio.no/studier/emner/matnat/ibv/BIOS9111/v25/timeplan/index.html
could not scan /studier/emner/matnat/ibv/BIOS9115/index.html: 'NoneType' object has no attribute 'a'
scanning link :https://www.uio.no/studier/emner/matnat/ibv/BIOS9210/v25/timeplan/index.html
scanning link :https://www.uio.no/studier/emner/matnat/ibv/BIOS9213/v25/timeplan/index.html
could not scan /studier/emner/matnat/ibv/BIOS9213/index.html: list index out of range
scanning link :https://www.uio.no/studier/emner/matnat/ibv/BIOS9214/v25/timeplan/index.html
could not scan /studier/emner/matnat/ibv/BIOS9214/index.html: list index out of range
scanning link :https://www.uio.no/studier/emner/matnat/ibv/BIOS9217/v25/timeplan/index.html
scanning link :https://www.uio.no/studier/emner/matnat/ibv/BIOS9311/v25/timeplan/index.html
scanning link :https://www.uio.no/studier/emner/matnat/ibv/BIOS9410/v25/timeplan/index.html
could not scan /studier/emner/matnat/ibv/BIOS9410/index.html: list index out of range
scanning link :https://www.uio.no/studier/emner/matnat/ibv/BIOS9500/v25/timeplan/index.html
could not scan /studier/emner/matnat/ibv/BIOS9530/index.html: 'NoneType' object has no attribute 'a'
scanning link :https://www.uio.no/studier/emner/matnat/ibv/BIOS9610/v25/timeplan/index.html
could not scan /studier/emner/matnat/ibv/BIOS9610/index.html: list index out of range
scanning link :https://www.uio.no/studier/emner/matnat/ibv/BIOS9710/v25/timeplan/index.html
could not scan /studier/emner/matnat/ibv/BIOS9710/index.html: list index out of range
scanning link :https://www.uio.no/studier/emner/matnat/ibv/BIOS9812/v25/timeplan/index.html
could not scan /studier/emner/matnat/ibv/BIOS9812/index.html: list index out of range
could not scan /studier/emner/matnat/ibv/BIOS9910/index.html: 'NoneType' object has no attribute 'a'
could not scan /studier/emner/hf/ilos/BKS1002/index.html: 'NoneType' object has no attribute 'a'
could not scan /studier/emner/hf/ilos/BKS2103/index.html: 'NoneType' object has no attribute 'a'
could not scan /studier/emner/hf/ilos/BKS4091/index.html: 'NoneType' object has no attribute 'a'
could not scan /studier/emner/hf/ilos/BKS4121/index.html: 'NoneType' object has no attribute 'a'
could not scan /studier/emner/matnat/fys/CS5960MASC/index.html: 'NoneType' object has no attribute 'a'
could not scan /studier/emner/matnat/kjemi/CS5960MASC/index.html: 'NoneType' object has no attribute 'a'
could not scan /studier/emner/matnat/fys/CS5960PHYS/index.html: 'NoneType' object has no attribute 'a'
scanning link :https://www.uio.no/studier/emner/uv/ils/DIFO4001/v25/timeplan/index.html
could not scan /studier/emner/uv/ils/DIFO4001/index.html: list index out of range
scanning link :https://www.uio.no/studier/emner/hf/ikos/EAST4540/v25/timeplan/index.html
could not scan /studier/emner/hf/ikos/EAST4540/index.html: list index out of range
scanning link :https://www.uio.no/studier/emner/sv/oekonomi/ECON1210/v25/timeplan/index.html
scanning link :https://www.uio.no/studier/emner/sv/oekonomi/ECON1310/v25/timeplan/index.html
could not scan /studier/emner/sv/oekonomi/ECON1310/index.html: list index out of range
scanning link :https://www.uio.no/studier/emner/sv/oekonomi/ECON1410/v25/timeplan/index.html
could not scan /studier/emner/sv/oekonomi/ECON1410/index.html: list index out of range
scanning link :https://www.uio.no/studier/emner/sv/oekonomi/ECON1910/v25/timeplan/index.html
could not scan /studier/emner/sv/oekonomi/ECON1910/index.html: list index out of range
scanning link :https://www.uio.no/studier/emner/sv/oekonomi/ECON1922/v25/timeplan/index.html
could not scan /studier/emner/sv/oekonomi/ECON1922/index.html: list index out of range
scanning link :https://www.uio.no/studier/emner/sv/oekonomi/ECON2130/v25/timeplan/index.html
scanning link :https://www.uio.no/studier/emner/sv/oekonomi/ECON2220/v25/timeplan/index.html
scanning link :https://www.uio.no/studier/emner/sv/oekonomi/ECON2500/v25/timeplan/index.html
could not scan /studier/emner/sv/oekonomi/ECON2500/index.html: Message: stale element reference: stale element not found in the current frame
  (Session info: chrome=131.0.6778.139); For documentation on this error, please visit: https://www.selenium.dev/documentation/webdriver/troubleshooting/errors#stale-element-reference-exception
Stacktrace:
#0 0x58afe089defa <unknown>
#1 0x58afe03c66c0 <unknown>
#2 0x58afe03cc3fa <unknown>
#3 0x58afe03ce8c3 <unknown>
#4 0x58afe03ce973 <unknown>
#5 0x58afe04142b5 <unknown>
#6 0x58afe04148f1 <unknown>
#7 0x58afe0408e36 <unknown>
#8 0x58afe043859d <unknown>
#9 0x58afe0408d28 <unknown>
#10 0x58afe043873e <unknown>
#11 0x58afe0456c4e <unknown>
#12 0x58afe0438313 <unknown>
#13 0x58afe0406fcf <unknown>
#14 0x58afe0407fee <unknown>
#15 0x58afe086c2df <unknown>
#16 0x58afe08703fd <unknown>
#17 0x58afe085a977 <unknown>
#18 0x58afe0870b71 <unknown>
#19 0x58afe084296e <unknown>
#20 0x58afe088cc18 <unknown>
#21 0x58afe088ce1a <unknown>
#22 0x58afe089cb6c <unknown>
#23 0x71f0ec3afac3 <unknown>

scanning link :https://www.uio.no/studier/emner/sv/oekonomi/ECON3010/v25/timeplan/index.html
could not scan /studier/emner/sv/oekonomi/ECON3010/index.html: list index out of range
scanning link :https://www.uio.no/studier/emner/sv/oekonomi/ECON3150/v25/timeplan/index.html
scanning link :https://www.uio.no/studier/emner/sv/oekonomi/ECON3620/v25/timeplan/index.html
could not scan /studier/emner/sv/oekonomi/ECON3620/index.html: list index out of range
scanning link :https://www.uio.no/studier/emner/sv/oekonomi/ECON3735/v25/timeplan/index.html
could not scan /studier/emner/sv/oekonomi/ECON3735/index.html: list index out of range
could not scan /studier/emner/sv/oekonomi/ECON3810/index.html: 'NoneType' object has no attribute 'a'
scanning link :https://www.uio.no/studier/emner/sv/oekonomi/ECON3820/v25/timeplan/index.html
could not scan /studier/emner/sv/oekonomi/ECON3820/index.html: list index out of range
scanning link :https://www.uio.no/studier/emner/sv/oekonomi/ECON4032/v25/timeplan/index.html
could not scan /studier/emner/sv/oekonomi/ECON4032/index.html: list index out of range
scanning link :https://www.uio.no/studier/emner/sv/oekonomi/ECON4091/v25/timeplan/index.html
scanning link :https://www.uio.no/studier/emner/sv/oekonomi/ECON4137/v25/timeplan/index.html
could not scan /studier/emner/sv/oekonomi/ECON4137/index.html: list index out of range
scanning link :https://www.uio.no/studier/emner/sv/oekonomi/ECON4140/v25/timeplan/index.html
could not scan /studier/emner/sv/oekonomi/ECON4140/index.html: list index out of range
scanning link :https://www.uio.no/studier/emner/sv/oekonomi/ECON4150/v25/timeplan/index.html
scanning link :https://www.uio.no/studier/emner/sv/oekonomi/ECON4165/v25/timeplan/index.html
could not scan /studier/emner/sv/oekonomi/ECON4165/index.html: list index out of range
scanning link :https://www.uio.no/studier/emner/sv/oekonomi/ECON4325/v25/timeplan/index.html
could not scan /studier/emner/sv/oekonomi/ECON4325/index.html: list index out of range
scanning link :https://www.uio.no/studier/emner/sv/oekonomi/ECON4330/v25/timeplan/index.html
could not scan /studier/emner/sv/oekonomi/ECON4330/index.html: list index out of range
could not scan /studier/emner/sv/oekonomi/ECON4335/index.html: 'NoneType' object has no attribute 'a'
scanning link :https://www.uio.no/studier/emner/sv/oekonomi/ECON4510/v25/timeplan/index.html
could not scan /studier/emner/sv/oekonomi/ECON4510/index.html: list index out of range
scanning link :https://www.uio.no/studier/emner/sv/oekonomi/ECON4620/v25/timeplan/index.html
could not scan /studier/emner/sv/oekonomi/ECON4620/index.html: list index out of range
could not scan /studier/emner/sv/oekonomi/ECON4640/index.html: 'NoneType' object has no attribute 'a'
scanning link :https://www.uio.no/studier/emner/sv/oekonomi/ECON4820/v25/timeplan/index.html
could not scan /studier/emner/sv/oekonomi/ECON4820/index.html: list index out of range
scanning link :https://www.uio.no/studier/emner/sv/oekonomi/ECON4910/v25/timeplan/index.html
could not scan /studier/emner/sv/oekonomi/ECON4910/index.html: list index out of range
scanning link :https://www.uio.no/studier/emner/sv/oekonomi/ECON4915/v25/timeplan/index.html
could not scan /studier/emner/sv/oekonomi/ECON4915/index.html: list index out of range
scanning link :https://www.uio.no/studier/emner/sv/oekonomi/ECON9104/v25/timeplan/index.html
scanning link :https://www.uio.no/studier/emner/sv/oekonomi/ECON9310B/v25/timeplan/index.html
could not scan /studier/emner/sv/oekonomi/ECON9316/index.html: 'NoneType' object has no attribute 'a'
could not scan /studier/emner/sv/oekonomi/ECON9715/index.html: 'NoneType' object has no attribute 'a'
could not scan /studier/emner/sv/oekonomi/ECON9715B/index.html: 'NoneType' object has no attribute 'a'
scanning link :https://www.uio.no/studier/emner/uv/ils/EDID4001/v25/timeplan/index.html
could not scan /studier/emner/uv/ils/EDID4001/index.html: list index out of range
could not scan /studier/emner/uv/ils/EDID4009/index.html: 'NoneType' object has no attribute 'a'
could not scan /studier/emner/sv/tik/EDS426/index.html: 'NoneType' object has no attribute 'a'
could not scan /studier/emner/hf/ikos/EHS4000/index.html: 'NoneType' object has no attribute 'a'
could not scan /studier/emner/hf/ikos/EHS4010/index.html: 'NoneType' object has no attribute 'a'
scanning link :https://www.uio.no/studier/emner/hf/ifikk/EIK4001/v25/timeplan/index.html
could not scan /studier/emner/hf/ifikk/EIK4001/index.html: list index out of range
scanning link :https://www.uio.no/studier/emner/hf/ifikk/EIK4002/v25/timeplan/index.html
could not scan /studier/emner/hf/ifikk/EIK4002/index.html: list index out of range
could not scan /studier/emner/hf/ifikk/EIK4900/index.html: 'NoneType' object has no attribute 'a'
could not scan /studier/emner/hf/ifikk/EKUL4001/index.html: 'NoneType' object has no attribute 'a'
could not scan /studier/emner/hf/ifikk/EKUL4002/index.html: 'NoneType' object has no attribute 'a'
could not scan /studier/emner/hf/ifikk/EKUL4900/index.html: 'NoneType' object has no attribute 'a'
could not scan /studier/emner/medisin/helseadm/EMHEM5500/index.html: 'NoneType' object has no attribute 'a'
could not scan /studier/emner/sv/sv/ENERGI3010/index.html: 'NoneType' object has no attribute 'a'
scanning link :https://www.uio.no/studier/emner/sv/sv/ENERGI4010/v25/timeplan/index.html
could not scan /studier/emner/sv/sv/ENERGI4010/index.html: list index out of range
could not scan /studier/emner/hf/ilos/ENG1103/index.html: 'NoneType' object has no attribute 'jsonExport'
scanning link :https://www.uio.no/studier/emner/hf/ilos/ENG1303/v25/timeplan/index.html
could not scan /studier/emner/hf/ilos/ENG1303/index.html: Message: stale element reference: stale element not found in the current frame
  (Session info: chrome=131.0.6778.139); For documentation on this error, please visit: https://www.selenium.dev/documentation/webdriver/troubleshooting/errors#stale-element-reference-exception
Stacktrace:
#0 0x58afe089defa <unknown>
#1 0x58afe03c66c0 <unknown>
#2 0x58afe03cc3fa <unknown>
#3 0x58afe03ce8c3 <unknown>
#4 0x58afe03ce973 <unknown>
#5 0x58afe040ede2 <unknown>
#6 0x58afe0438572 <unknown>
#7 0x58afe0408d28 <unknown>
#8 0x58afe043873e <unknown>
#9 0x58afe0456c4e <unknown>
#10 0x58afe0438313 <unknown>
#11 0x58afe0406fcf <unknown>
#12 0x58afe0407fee <unknown>
#13 0x58afe086c2df <unknown>
#14 0x58afe08703fd <unknown>
#15 0x58afe085a977 <unknown>
#16 0x58afe0870b71 <unknown>
#17 0x58afe084296e <unknown>
#18 0x58afe088cc18 <unknown>
#19 0x58afe088ce1a <unknown>
#20 0x58afe089cb6c <unknown>
#21 0x71f0ec3afac3 <unknown>

scanning link :https://www.uio.no/studier/emner/hf/ilos/ENG1505/v25/timeplan/index.html
could not scan /studier/emner/hf/ilos/ENG1505/index.html: list index out of range
scanning link :https://www.uio.no/studier/emner/hf/ilos/ENG1505L/v25/timeplan/index.html
scanning link :https://www.uio.no/studier/emner/hf/ilos/ENG2156/v25/timeplan/index.html
could not scan /studier/emner/hf/ilos/ENG2156/index.html: list index out of range
scanning link :https://www.uio.no/studier/emner/hf/ilos/ENG2167/v25/timeplan/index.html
could not scan /studier/emner/hf/ilos/ENG2167/index.html: list index out of range
scanning link :https://www.uio.no/studier/emner/hf/ilos/ENG2303/v25/timeplan/index.html
could not scan /studier/emner/hf/ilos/ENG2303/index.html: list index out of range
scanning link :https://www.uio.no/studier/emner/hf/ilos/ENG2305/v25/timeplan/index.html
could not scan /studier/emner/hf/ilos/ENG2305/index.html: list index out of range
scanning link :https://www.uio.no/studier/emner/hf/ilos/ENG2321/v25/timeplan/index.html
could not scan /studier/emner/hf/ilos/ENG2321/index.html: list index out of range
scanning link :https://www.uio.no/studier/emner/hf/ilos/ENG2324/v25/timeplan/index.html
could not scan /studier/emner/hf/ilos/ENG2324/index.html: list index out of range
scanning link :https://www.uio.no/studier/emner/hf/ilos/ENG2325/v25/timeplan/index.html
could not scan /studier/emner/hf/ilos/ENG2325/index.html: list index out of range
scanning link :https://www.uio.no/studier/emner/hf/ilos/ENG2333/v25/timeplan/index.html
could not scan /studier/emner/hf/ilos/ENG2333/index.html: list index out of range
scanning link :https://www.uio.no/studier/emner/hf/ilos/ENG2500/v25/timeplan/index.html
could not scan /studier/emner/hf/ilos/ENG2500/index.html: list index out of range
scanning link :https://www.uio.no/studier/emner/hf/ilos/ENG2504/v25/timeplan/index.html
could not scan /studier/emner/hf/ilos/ENG2504/index.html: list index out of range
scanning link :https://www.uio.no/studier/emner/hf/ilos/ENG4106/v25/timeplan/index.html
could not scan /studier/emner/hf/ilos/ENG4106/index.html: list index out of range
scanning link :https://www.uio.no/studier/emner/hf/ilos/ENG4112/v25/timeplan/index.html
could not scan /studier/emner/hf/ilos/ENG4112/index.html: list index out of range
scanning link :https://www.uio.no/studier/emner/hf/ilos/ENG4156/v25/timeplan/index.html
could not scan /studier/emner/hf/ilos/ENG4156/index.html: list index out of range
scanning link :https://www.uio.no/studier/emner/hf/ilos/ENG4167/v25/timeplan/index.html
could not scan /studier/emner/hf/ilos/ENG4167/index.html: list index out of range
could not scan /studier/emner/hf/ilos/ENG4191/index.html: 'NoneType' object has no attribute 'a'
could not scan /studier/emner/hf/ilos/ENG4192/index.html: 'NoneType' object has no attribute 'a'
scanning link :https://www.uio.no/studier/emner/hf/ilos/ENG4300/v25/timeplan/index.html
could not scan /studier/emner/hf/ilos/ENG4300/index.html: list index out of range
scanning link :https://www.uio.no/studier/emner/hf/ilos/ENG4343/v25/timeplan/index.html
could not scan /studier/emner/hf/ilos/ENG4343/index.html: list index out of range
scanning link :https://www.uio.no/studier/emner/hf/ilos/ENG4364/v25/timeplan/index.html
could not scan /studier/emner/hf/ilos/ENG4364/index.html: list index out of range
scanning link :https://www.uio.no/studier/emner/hf/ilos/ENG4365/v25/timeplan/index.html
could not scan /studier/emner/hf/ilos/ENG4365/index.html: list index out of range
could not scan /studier/emner/hf/ilos/ENG4390/index.html: 'NoneType' object has no attribute 'a'
could not scan /studier/emner/hf/ilos/ENG4394/index.html: 'NoneType' object has no attribute 'a'
scanning link :https://www.uio.no/studier/emner/hf/ilos/ENG4416/v25/timeplan/index.html
could not scan /studier/emner/hf/ilos/ENG4416/index.html: list index out of range
scanning link :https://www.uio.no/studier/emner/hf/ilos/ENG4439/v25/timeplan/index.html
could not scan /studier/emner/hf/ilos/ENG4439/index.html: list index out of range
scanning link :https://www.uio.no/studier/emner/hf/ilos/ENG4440/v25/timeplan/index.html
could not scan /studier/emner/hf/ilos/ENG4490/index.html: 'NoneType' object has no attribute 'a'
could not scan /studier/emner/hf/ilos/ENG4506/index.html: 'NoneType' object has no attribute 'a'
scanning link :https://www.uio.no/studier/emner/hf/ilos/ENG4509/v25/timeplan/index.html
could not scan /studier/emner/hf/ilos/ENG4509/index.html: list index out of range
scanning link :https://www.uio.no/studier/emner/hf/ilos/ENG4510/v25/timeplan/index.html
could not scan /studier/emner/hf/ilos/ENG4510/index.html: list index out of range
scanning link :https://www.uio.no/studier/emner/hf/ilos/ENG4545/v25/timeplan/index.html
could not scan /studier/emner/hf/ilos/ENG4545/index.html: list index out of range
scanning link :https://www.uio.no/studier/emner/hf/ilos/ENG4546/v25/timeplan/index.html
could not scan /studier/emner/hf/ilos/ENG4546/index.html: list index out of range
could not scan /studier/emner/hf/ilos/ENG4590/index.html: 'NoneType' object has no attribute 'a'
could not scan /studier/emner/hf/ilos/ENG4591/index.html: 'NoneType' object has no attribute 'a'
could not scan /studier/emner/hf/ilos/ENG4592/index.html: 'NoneType' object has no attribute 'a'
could not scan /studier/emner/hf/ilos/ENG4593/index.html: 'NoneType' object has no attribute 'a'
could not scan /studier/emner/hf/ilos/ENG4790/index.html: 'NoneType' object has no attribute 'a'
scanning link :https://www.uio.no/studier/emner/matnat/sfe/ENT4000I/v25/timeplan/index.html
could not scan /studier/emner/matnat/sfe/ENT4000I/index.html: list index out of range
scanning link :https://www.uio.no/studier/emner/matnat/sfe/ENT4340/v25/timeplan/index.html
could not scan /studier/emner/matnat/sfe/ENT4340/index.html: list index out of range
scanning link :https://www.uio.no/studier/emner/matnat/sfe/ENT4350/v25/timeplan/index.html
could not scan /studier/emner/matnat/sfe/ENT4350/index.html: list index out of range
scanning link :https://www.uio.no/studier/emner/matnat/sfe/ENT4360/v25/timeplan/index.html
could not scan /studier/emner/matnat/sfe/ENT4360/index.html: list index out of range
scanning link :https://www.uio.no/studier/emner/matnat/sfe/ENT4505/v25/timeplan/index.html
could not scan /studier/emner/matnat/sfe/ENT4505/index.html: list index out of range
scanning link :https://www.uio.no/studier/emner/matnat/sfe/ENT9800/v25/timeplan/index.html
could not scan /studier/emner/matnat/sfe/ENT9800/index.html: list index out of range
scanning link :https://www.uio.no/studier/emner/medisin/nutri/ERN1100/v25/timeplan/index.html
could not scan /studier/emner/medisin/nutri/ERN2200R/index.html: 'NoneType' object has no attribute 'a'
scanning link :https://www.uio.no/studier/emner/medisin/nutri/ERN2300/v25/timeplan/index.html
could not scan /studier/emner/medisin/nutri/ERN2300/index.html: list index out of range
scanning link :https://www.uio.no/studier/emner/medisin/nutri/ERN3020/v25/timeplan/index.html
could not scan /studier/emner/medisin/nutri/ERN3020/index.html: list index out of range
scanning link :https://www.uio.no/studier/emner/medisin/nutri/ERN3030/v25/timeplan/index.html
could not scan /studier/emner/medisin/nutri/ERN3030/index.html: Message: stale element reference: stale element not found in the current frame
  (Session info: chrome=131.0.6778.139); For documentation on this error, please visit: https://www.selenium.dev/documentation/webdriver/troubleshooting/errors#stale-element-reference-exception
Stacktrace:
#0 0x58afe089defa <unknown>
#1 0x58afe03c66c0 <unknown>
#2 0x58afe03cc3fa <unknown>
#3 0x58afe03ce8c3 <unknown>
#4 0x58afe03ce973 <unknown>
#5 0x58afe04142b5 <unknown>
#6 0x58afe04148f1 <unknown>
#7 0x58afe0408e36 <unknown>
#8 0x58afe043859d <unknown>
#9 0x58afe0408d28 <unknown>
#10 0x58afe043873e <unknown>
#11 0x58afe0456c4e <unknown>
#12 0x58afe0438313 <unknown>
#13 0x58afe0406fcf <unknown>
#14 0x58afe0407fee <unknown>
#15 0x58afe086c2df <unknown>
#16 0x58afe08703fd <unknown>
#17 0x58afe085a977 <unknown>
#18 0x58afe0870b71 <unknown>
#19 0x58afe084296e <unknown>
#20 0x58afe088cc18 <unknown>
#21 0x58afe088ce1a <unknown>
#22 0x58afe089cb6c <unknown>
#23 0x71f0ec3afac3 <unknown>

scanning link :https://www.uio.no/studier/emner/medisin/nutri/ERN4040/v25/timeplan/index.html
could not scan /studier/emner/medisin/nutri/ERN4040/index.html: list index out of range
could not scan /studier/emner/medisin/nutri/ERN4050/index.html: 'NoneType' object has no attribute 'a'
could not scan /studier/emner/medisin/nutri/ERN4110/index.html: 'NoneType' object has no attribute 'a'
could not scan /studier/emner/medisin/nutri/ERN4400/index.html: 'NoneType' object has no attribute 'a'
could not scan /studier/emner/medisin/nutri/ERN4500/index.html: 'NoneType' object has no attribute 'a'
could not scan /studier/emner/medisin/nutri/ERN4900/index.html: 'NoneType' object has no attribute 'a'
scanning link :https://www.uio.no/studier/emner/medisin/med/ESH4000/v25/timeplan/index.html
could not scan /studier/emner/medisin/med/ESH4000/index.html: list index out of range
scanning link :https://www.uio.no/studier/emner/medisin/med/ESH4100/v25/timeplan/index.html
could not scan /studier/emner/medisin/med/ESH4100/index.html: list index out of range
scanning link :https://www.uio.no/studier/emner/hf/ilos/EST2000/v25/timeplan/index.html
could not scan /studier/emner/hf/ilos/EST2000/index.html: list index out of range
scanning link :https://www.uio.no/studier/emner/hf/imk/EST3010/v25/timeplan/index.html
could not scan /studier/emner/hf/imk/EST3010/index.html: list index out of range
could not scan /studier/emner/hf/ilos/EST4391/index.html: 'NoneType' object has no attribute 'a'
could not scan /studier/emner/hf/ilos/EUS3905/index.html: 'NoneType' object has no attribute 'a'
could not scan /studier/emner/hf/ilos/EUS3910/index.html: 'NoneType' object has no attribute 'a'
could not scan /studier/emner/hf/ilos/EUS3910B/index.html: 'NoneType' object has no attribute 'a'
could not scan /studier/emner/hf/ilos/EUS3920/index.html: 'NoneType' object has no attribute 'a'
could not scan /studier/emner/hf/ilos/EUS3930/index.html: 'NoneType' object has no attribute 'a'
scanning link :https://www.uio.no/studier/emner/hf/ilos/EUS4010/v25/timeplan/index.html
could not scan /studier/emner/hf/ilos/EUS4010/index.html: list index out of range
scanning link :https://www.uio.no/studier/emner/hf/ilos/EUS4100/v25/timeplan/index.html
could not scan /studier/emner/hf/ilos/EUS4100/index.html: list index out of range
could not scan /studier/emner/hf/ilos/EUS4900/index.html: 'NoneType' object has no attribute 'a'
could not scan /studier/emner/hf/ilos/EUS4905/index.html: 'NoneType' object has no attribute 'a'
could not scan /studier/emner/hf/ilos/EUS4910/index.html: 'NoneType' object has no attribute 'a'
could not scan /studier/emner/hf/ilos/EUS4920/index.html: 'NoneType' object has no attribute 'a'
scanning link :https://www.uio.no/studier/emner/hf/ikos/EXFAC03-EAST/v25/timeplan/index.html
could not scan /studier/emner/hf/ikos/EXFAC03-EAST/index.html: list index out of range
could not scan /studier/emner/hf/ifikk/EXFAC03-FIL/index.html: 'NoneType' object has no attribute 'a'
scanning link :https://www.uio.no/studier/emner/hf/ifikk/EXFAC03-HUM/v25/timeplan/index.html
could not scan /studier/emner/hf/ifikk/EXFAC03-HUM/index.html: list index out of range
could not scan /studier/emner/hf/ifikk/EXFAC03-IDE/index.html: 'NoneType' object has no attribute 'a'
scanning link :https://www.uio.no/studier/emner/hf/ikos/EXFAC03-MESA/v25/timeplan/index.html
could not scan /studier/emner/hf/ikos/EXFAC03-MESA/index.html: list index out of range
scanning link :https://www.uio.no/studier/emner/hf/imv/EXFAC03-MUS/v25/timeplan/index.html
could not scan /studier/emner/hf/imv/EXFAC03-MUS/index.html: list index out of range
scanning link :https://www.uio.no/studier/emner/hf/ifikk/EXPHIL03/v25/timeplan/index.html
scanning link :https://www.uio.no/studier/emner/matnat/farmasi/FARM-KJM5010/v25/timeplan/index.html
could not scan /studier/emner/matnat/farmasi/FARM-KJM5010/index.html: list index out of range
scanning link :https://www.uio.no/studier/emner/matnat/farmasi/FARM-KJM9010/v25/timeplan/index.html
could not scan /studier/emner/matnat/farmasi/FARM-KJM9010/index.html: list index out of range
scanning link :https://www.uio.no/studier/emner/matnat/farmasi/FARM1130/v25/timeplan/index.html
could not scan /studier/emner/matnat/farmasi/FARM1130/index.html: Message: stale element reference: stale element not found in the current frame
  (Session info: chrome=131.0.6778.139); For documentation on this error, please visit: https://www.selenium.dev/documentation/webdriver/troubleshooting/errors#stale-element-reference-exception
Stacktrace:
#0 0x58afe089defa <unknown>
#1 0x58afe03c66c0 <unknown>
#2 0x58afe03cc3fa <unknown>
#3 0x58afe03ce8c3 <unknown>
#4 0x58afe03ce973 <unknown>
#5 0x58afe040ede2 <unknown>
#6 0x58afe0438572 <unknown>
#7 0x58afe0408d28 <unknown>
#8 0x58afe043873e <unknown>
#9 0x58afe0456c4e <unknown>
#10 0x58afe0438313 <unknown>
#11 0x58afe0406fcf <unknown>
#12 0x58afe0407fee <unknown>
#13 0x58afe086c2df <unknown>
#14 0x58afe08703fd <unknown>
#15 0x58afe085a977 <unknown>
#16 0x58afe0870b71 <unknown>
#17 0x58afe084296e <unknown>
#18 0x58afe088cc18 <unknown>
#19 0x58afe088ce1a <unknown>
#20 0x58afe089cb6c <unknown>
#21 0x71f0ec3afac3 <unknown>

scanning link :https://www.uio.no/studier/emner/matnat/farmasi/FARM1140/v25/timeplan/index.html
scanning link :https://www.uio.no/studier/emner/matnat/farmasi/FARM1150/v25/timeplan/index.html
could not scan /studier/emner/matnat/farmasi/FARM1150/index.html: list index out of range
scanning link :https://www.uio.no/studier/emner/matnat/farmasi/FARM2130/v25/timeplan/index.html
could not scan /studier/emner/matnat/farmasi/FARM2135/index.html: 'NoneType' object has no attribute 'a'
scanning link :https://www.uio.no/studier/emner/matnat/farmasi/FARM2140/v25/timeplan/index.html
could not scan /studier/emner/matnat/farmasi/FARM2140/index.html: list index out of range
could not scan /studier/emner/matnat/farmasi/FARM2145/index.html: 'NoneType' object has no attribute 'a'
scanning link :https://www.uio.no/studier/emner/matnat/farmasi/FARM2150/v25/timeplan/index.html
could not scan /studier/emner/matnat/farmasi/FARM2150/index.html: list index out of range
scanning link :https://www.uio.no/studier/emner/matnat/farmasi/FARM3130/v25/timeplan/index.html
could not scan /studier/emner/matnat/farmasi/FARM3130/index.html: list index out of range
scanning link :https://www.uio.no/studier/emner/matnat/farmasi/FARM4130/v25/timeplan/index.html
could not scan /studier/emner/matnat/farmasi/FARM4130/index.html: list index out of range
scanning link :https://www.uio.no/studier/emner/matnat/farmasi/FARM4930K/v25/timeplan/index.html
could not scan /studier/emner/matnat/farmasi/FARM4930K/index.html: list index out of range
scanning link :https://www.uio.no/studier/emner/matnat/farmasi/FARM5110/v25/timeplan/index.html
could not scan /studier/emner/matnat/farmasi/FARM5110/index.html: list index out of range
could not scan /studier/emner/matnat/farmasi/FARM5120/index.html: 'NoneType' object has no attribute 'a'
could not scan /studier/emner/matnat/farmasi/FARM5140/index.html: 'NoneType' object has no attribute 'a'
scanning link :https://www.uio.no/studier/emner/matnat/farmasi/FARM5150/v25/timeplan/index.html
could not scan /studier/emner/matnat/farmasi/FARM5150/index.html: list index out of range
scanning link :https://www.uio.no/studier/emner/matnat/farmasi/FARM5170/v25/timeplan/index.html
could not scan /studier/emner/matnat/farmasi/FARM5170/index.html: list index out of range
could not scan /studier/emner/matnat/farmasi/FARM5210/index.html: 'NoneType' object has no attribute 'a'
scanning link :https://www.uio.no/studier/emner/matnat/farmasi/FARM5220/v25/timeplan/index.html
could not scan /studier/emner/matnat/farmasi/FARM5220/index.html: list index out of range
could not scan /studier/emner/matnat/farmasi/FARM5945/index.html: 'NoneType' object has no attribute 'a'
scanning link :https://www.uio.no/studier/emner/matnat/farmasi/FARMBIOS4860/v25/timeplan/index.html
could not scan /studier/emner/matnat/farmasi/FARMBIOS4860/index.html: list index out of range
scanning link :https://www.uio.no/studier/emner/medisin/folkehelsevitenskap-epidemiologi/FHE4100/v25/timeplan/index.html
could not scan /studier/emner/medisin/folkehelsevitenskap-epidemiologi/FHE4100/index.html: list index out of range
scanning link :https://www.uio.no/studier/emner/medisin/folkehelsevitenskap-epidemiologi/FHE4110/v25/timeplan/index.html
could not scan /studier/emner/medisin/folkehelsevitenskap-epidemiologi/FHE4110/index.html: list index out of range
scanning link :https://www.uio.no/studier/emner/medisin/folkehelsevitenskap-epidemiologi/FHE4120/v25/timeplan/index.html
could not scan /studier/emner/medisin/folkehelsevitenskap-epidemiologi/FHE4120/index.html: list index out of range
scanning link :https://www.uio.no/studier/emner/medisin/folkehelsevitenskap-epidemiologi/FHE4210/v25/timeplan/index.html
could not scan /studier/emner/medisin/folkehelsevitenskap-epidemiologi/FHE4210/index.html: list index out of range
could not scan /studier/emner/medisin/folkehelsevitenskap-epidemiologi/FHE5090/index.html: 'NoneType' object has no attribute 'a'
scanning link :https://www.uio.no/studier/emner/hf/ifikk/FIL1003/v25/timeplan/index.html
could not scan /studier/emner/hf/ifikk/FIL1003/index.html: list index out of range
scanning link :https://www.uio.no/studier/emner/hf/ifikk/FIL1006/v25/timeplan/index.html
could not scan /studier/emner/hf/ifikk/FIL1006/index.html: list index out of range
scanning link :https://www.uio.no/studier/emner/hf/ifikk/FIL2310/v25/timeplan/index.html
could not scan /studier/emner/hf/ifikk/FIL2310/index.html: list index out of range
scanning link :https://www.uio.no/studier/emner/hf/ifikk/FIL2312/v25/timeplan/index.html
could not scan /studier/emner/hf/ifikk/FIL2312/index.html: list index out of range
scanning link :https://www.uio.no/studier/emner/hf/ifikk/FIL2390/v25/timeplan/index.html
could not scan /studier/emner/hf/ifikk/FIL2390/index.html: list index out of range
scanning link :https://www.uio.no/studier/emner/hf/ifikk/FIL2393/v25/timeplan/index.html
could not scan /studier/emner/hf/ifikk/FIL2393/index.html: list index out of range
scanning link :https://www.uio.no/studier/emner/hf/ifikk/FIL2403/v25/timeplan/index.html
could not scan /studier/emner/hf/ifikk/FIL2403/index.html: list index out of range
scanning link :https://www.uio.no/studier/emner/hf/ifikk/FIL2505/v25/timeplan/index.html
could not scan /studier/emner/hf/ifikk/FIL2505/index.html: list index out of range
scanning link :https://www.uio.no/studier/emner/hf/ifikk/FIL2703/v25/timeplan/index.html
could not scan /studier/emner/hf/ifikk/FIL2703/index.html: list index out of range
scanning link :https://www.uio.no/studier/emner/hf/ifikk/FIL2900/v25/timeplan/index.html
could not scan /studier/emner/hf/ifikk/FIL2900/index.html: list index out of range
scanning link :https://www.uio.no/studier/emner/hf/ifikk/FIL3091/v25/timeplan/index.html
scanning link :https://www.uio.no/studier/emner/hf/ifikk/FIL4010/v25/timeplan/index.html
could not scan /studier/emner/hf/ifikk/FIL4010/index.html: list index out of range
could not scan /studier/emner/hf/ifikk/FIL4090/index.html: 'NoneType' object has no attribute 'a'
could not scan /studier/emner/hf/ifikk/FIL4091/index.html: 'NoneType' object has no attribute 'a'
scanning link :https://www.uio.no/studier/emner/hf/ifikk/FIL4100/v25/timeplan/index.html
could not scan /studier/emner/hf/ifikk/FIL4100/index.html: list index out of range
could not scan /studier/emner/hf/ifikk/FIL4160/index.html: 'NoneType' object has no attribute 'a'
scanning link :https://www.uio.no/studier/emner/hf/ifikk/FIL4200/v25/timeplan/index.html
could not scan /studier/emner/hf/ifikk/FIL4200/index.html: list index out of range
scanning link :https://www.uio.no/studier/emner/hf/ifikk/FIL4312/v25/timeplan/index.html
could not scan /studier/emner/hf/ifikk/FIL4312/index.html: list index out of range
scanning link :https://www.uio.no/studier/emner/hf/ifikk/FIL4330/v25/timeplan/index.html
could not scan /studier/emner/hf/ifikk/FIL4330/index.html: list index out of range
could not scan /studier/emner/jus/afin/FINF4010/index.html: 'NoneType' object has no attribute 'a'
scanning link :https://www.uio.no/studier/emner/jus/afin/FINF4021/v25/timeplan/index.html
could not scan /studier/emner/jus/afin/FINF4021/index.html: list index out of range
scanning link :https://www.uio.no/studier/emner/jus/afin/FINF4022/v25/timeplan/index.html
could not scan /studier/emner/jus/afin/FINF4022/index.html: list index out of range
scanning link :https://www.uio.no/studier/emner/jus/afin/FINF5002/v25/timeplan/index.html
could not scan /studier/emner/jus/afin/FINF5002/index.html: list index out of range
scanning link :https://www.uio.no/studier/emner/hf/ilos/FRA1112/v25/timeplan/index.html
could not scan /studier/emner/hf/ilos/FRA1112/index.html: list index out of range
scanning link :https://www.uio.no/studier/emner/hf/ilos/FRA1400/v25/timeplan/index.html
could not scan /studier/emner/hf/ilos/FRA1400/index.html: list index out of range
scanning link :https://www.uio.no/studier/emner/hf/ilos/FRA2514/v25/timeplan/index.html
could not scan /studier/emner/hf/ilos/FRA2514/index.html: list index out of range
scanning link :https://www.uio.no/studier/emner/hf/ilos/FRA3010/v25/timeplan/index.html
could not scan /studier/emner/hf/ilos/FRA3010/index.html: list index out of range
could not scan /studier/emner/hf/ilos/FRA4115/index.html: 'NoneType' object has no attribute 'a'
could not scan /studier/emner/hf/ilos/FRA4193/index.html: 'NoneType' object has no attribute 'a'
could not scan /studier/emner/hf/ilos/FRA4194/index.html: 'NoneType' object has no attribute 'a'
could not scan /studier/emner/hf/ilos/FRA4195/index.html: 'NoneType' object has no attribute 'a'
scanning link :https://www.uio.no/studier/emner/hf/ilos/FRA4316/v25/timeplan/index.html
could not scan /studier/emner/hf/ilos/FRA4316/index.html: list index out of range
could not scan /studier/emner/hf/ilos/FRA4390/index.html: 'NoneType' object has no attribute 'a'
could not scan /studier/emner/hf/ilos/FRA4391/index.html: 'NoneType' object has no attribute 'a'
could not scan /studier/emner/hf/ilos/FRA4400/index.html: 'NoneType' object has no attribute 'a'
scanning link :https://www.uio.no/studier/emner/hf/ilos/FRA4518/v25/timeplan/index.html
could not scan /studier/emner/hf/ilos/FRA4518/index.html: list index out of range
could not scan /studier/emner/hf/ilos/FRA4590/index.html: 'NoneType' object has no attribute 'a'
could not scan /studier/emner/hf/ilos/FRA4592/index.html: 'NoneType' object has no attribute 'a'
could not scan /studier/emner/matnat/farmasi/FRM5000V/index.html: 'NoneType' object has no attribute 'a'
could not scan /studier/emner/matnat/farmasi/FRM5020/index.html: 'NoneType' object has no attribute 'a'
could not scan /studier/emner/matnat/farmasi/FRM5921V/index.html: 'NoneType' object has no attribute 'a'
could not scan /studier/emner/matnat/farmasi/FRM5925V/index.html: 'NoneType' object has no attribute 'a'
could not scan /studier/emner/matnat/farmasi/FRM5941V/index.html: 'NoneType' object has no attribute 'a'
could not scan /studier/emner/matnat/farmasi/FRM5943V/index.html: 'NoneType' object has no attribute 'a'
could not scan /studier/emner/matnat/farmasi/FRM5990V/index.html: 'NoneType' object has no attribute 'a'
could not scan /studier/emner/matnat/farmasi/FRM9550/index.html: 'NoneType' object has no attribute 'a'
could not scan /studier/emner/matnat/farmasi/FRM9915/index.html: 'NoneType' object has no attribute 'a'
could not scan /studier/emner/matnat/farmasi/FRM9925/index.html: 'NoneType' object has no attribute 'a'
scanning link :https://www.uio.no/studier/emner/matnat/fys/FYS1001/v25/timeplan/index.html
scanning link :https://www.uio.no/studier/emner/matnat/fys/FYS1030/v25/timeplan/index.html
could not scan /studier/emner/matnat/fys/FYS1030/index.html: list index out of range
scanning link :https://www.uio.no/studier/emner/matnat/fys/FYS1040/v25/timeplan/index.html
could not scan /studier/emner/matnat/fys/FYS1040/index.html: list index out of range
scanning link :https://www.uio.no/studier/emner/matnat/fys/FYS1100/v25/timeplan/index.html
could not scan /studier/emner/matnat/fys/FYS1100/index.html: list index out of range
scanning link :https://www.uio.no/studier/emner/matnat/fys/FYS1105/v25/timeplan/index.html
could not scan /studier/emner/matnat/fys/FYS1105/index.html: list index out of range
scanning link :https://www.uio.no/studier/emner/matnat/fys/FYS1210/v25/timeplan/index.html
could not scan /studier/emner/matnat/fys/FYS1210/index.html: list index out of range
scanning link :https://www.uio.no/studier/emner/matnat/fys/FYS2130/v25/timeplan/index.html
could not scan /studier/emner/matnat/fys/FYS2130/index.html: list index out of range
scanning link :https://www.uio.no/studier/emner/matnat/fys/FYS2140/v25/timeplan/index.html
could not scan /studier/emner/matnat/fys/FYS2140/index.html: list index out of range
scanning link :https://www.uio.no/studier/emner/matnat/fys/FYS2150/v25/timeplan/index.html
could not scan /studier/emner/matnat/fys/FYS2150/index.html: list index out of range
scanning link :https://www.uio.no/studier/emner/matnat/fys/FYS2169/v25/timeplan/index.html
could not scan /studier/emner/matnat/fys/FYS2280/index.html: 'NoneType' object has no attribute 'a'
could not scan /studier/emner/matnat/fys/FYS2810/index.html: 'NoneType' object has no attribute 'a'
could not scan /studier/emner/matnat/fys/FYS2820/index.html: 'NoneType' object has no attribute 'a'
could not scan /studier/emner/matnat/fys/FYS2830/index.html: 'NoneType' object has no attribute 'a'
scanning link :https://www.uio.no/studier/emner/matnat/fys/FYS3120/v25/timeplan/index.html
could not scan /studier/emner/matnat/fys/FYS3120/index.html: list index out of range
scanning link :https://www.uio.no/studier/emner/matnat/fys/FYS3140/v25/timeplan/index.html
could not scan /studier/emner/matnat/fys/FYS3140/index.html: list index out of range
scanning link :https://www.uio.no/studier/emner/matnat/fys/FYS3220/v25/timeplan/index.html
could not scan /studier/emner/matnat/fys/FYS3220/index.html: list index out of range
scanning link :https://www.uio.no/studier/emner/matnat/fys/FYS3240/v25/timeplan/index.html
could not scan /studier/emner/matnat/fys/FYS3240/index.html: list index out of range
scanning link :https://www.uio.no/studier/emner/matnat/fys/FYS3260/v25/timeplan/index.html
could not scan /studier/emner/matnat/fys/FYS3260/index.html: list index out of range
scanning link :https://www.uio.no/studier/emner/matnat/fys/FYS3400/v25/timeplan/index.html
could not scan /studier/emner/matnat/fys/FYS3400/index.html: list index out of range
scanning link :https://www.uio.no/studier/emner/matnat/fys/FYS3500/v25/timeplan/index.html
could not scan /studier/emner/matnat/fys/FYS3500/index.html: list index out of range
scanning link :https://www.uio.no/studier/emner/matnat/fys/FYS3535/v25/timeplan/index.html
could not scan /studier/emner/matnat/fys/FYS3535/index.html: list index out of range
scanning link :https://www.uio.no/studier/emner/matnat/fys/FYS3810/v25/timeplan/index.html
could not scan /studier/emner/matnat/fys/FYS3810/index.html: list index out of range
scanning link :https://www.uio.no/studier/emner/matnat/fys/FYS3820/v25/timeplan/index.html
could not scan /studier/emner/matnat/fys/FYS3820/index.html: list index out of range
scanning link :https://www.uio.no/studier/emner/matnat/fys/FYS4050/v25/timeplan/index.html
could not scan /studier/emner/matnat/fys/FYS4050/index.html: list index out of range
scanning link :https://www.uio.no/studier/emner/matnat/fys/FYS4130/v25/timeplan/index.html
could not scan /studier/emner/matnat/fys/FYS4130/index.html: list index out of range
scanning link :https://www.uio.no/studier/emner/matnat/fys/FYS4160/v25/timeplan/index.html
could not scan /studier/emner/matnat/fys/FYS4160/index.html: list index out of range
scanning link :https://www.uio.no/studier/emner/matnat/fys/FYS4239/v25/timeplan/index.html
scanning link :https://www.uio.no/studier/emner/matnat/fys/FYS4240/v25/timeplan/index.html
could not scan /studier/emner/matnat/fys/FYS4240/index.html: list index out of range
scanning link :https://www.uio.no/studier/emner/matnat/fys/FYS4260/v25/timeplan/index.html
could not scan /studier/emner/matnat/fys/FYS4260/index.html: list index out of range
scanning link :https://www.uio.no/studier/emner/matnat/fys/FYS4310/v25/timeplan/index.html
could not scan /studier/emner/matnat/fys/FYS4310/index.html: list index out of range
scanning link :https://www.uio.no/studier/emner/matnat/fys/FYS4411/v25/timeplan/index.html
could not scan /studier/emner/matnat/fys/FYS4411/index.html: list index out of range
could not scan /studier/emner/matnat/fys/FYS4460/index.html: 'NoneType' object has no attribute 'a'
could not scan /studier/emner/matnat/fys/FYS4530/index.html: 'NoneType' object has no attribute 'a'
scanning link :https://www.uio.no/studier/emner/matnat/fys/FYS4535/v25/timeplan/index.html
could not scan /studier/emner/matnat/fys/FYS4535/index.html: list index out of range
scanning link :https://www.uio.no/studier/emner/matnat/fys/FYS4590/v25/timeplan/index.html
could not scan /studier/emner/matnat/fys/FYS4590/index.html: list index out of range
scanning link :https://www.uio.no/studier/emner/matnat/fys/FYS4620/v25/timeplan/index.html
could not scan /studier/emner/matnat/fys/FYS4620/index.html: list index out of range
scanning link :https://www.uio.no/studier/emner/matnat/fys/FYS4730/v25/timeplan/index.html
could not scan /studier/emner/matnat/fys/FYS4730/index.html: list index out of range
scanning link :https://www.uio.no/studier/emner/matnat/fys/FYS4740/v25/timeplan/index.html
could not scan /studier/emner/matnat/fys/FYS4740/index.html: list index out of range
scanning link :https://www.uio.no/studier/emner/matnat/fys/FYS4762/v25/timeplan/index.html
could not scan /studier/emner/matnat/fys/FYS4762/index.html: list index out of range
scanning link :https://www.uio.no/studier/emner/matnat/fys/FYS4810/v25/timeplan/index.html
could not scan /studier/emner/matnat/fys/FYS4810/index.html: list index out of range
scanning link :https://www.uio.no/studier/emner/matnat/fys/FYS5120/v25/timeplan/index.html
could not scan /studier/emner/matnat/fys/FYS5120/index.html: list index out of range
scanning link :https://www.uio.no/studier/emner/matnat/fys/FYS5419/v25/timeplan/index.html
could not scan /studier/emner/matnat/fys/FYS5419/index.html: list index out of range
scanning link :https://www.uio.no/studier/emner/matnat/fys/FYS5429/v25/timeplan/index.html
could not scan /studier/emner/matnat/fys/FYS5429/index.html: list index out of range
scanning link :https://www.uio.no/studier/emner/matnat/fys/FYS5555/v25/timeplan/index.html
could not scan /studier/emner/matnat/fys/FYS5555/index.html: list index out of range
scanning link :https://www.uio.no/studier/emner/matnat/fys/FYS5585/v25/timeplan/index.html
could not scan /studier/emner/matnat/fys/FYS5585/index.html: list index out of range
could not scan /studier/emner/matnat/fys/FYS5930L/index.html: 'NoneType' object has no attribute 'a'
could not scan /studier/emner/matnat/fys/FYS5960/index.html: 'NoneType' object has no attribute 'a'
scanning link :https://www.uio.no/studier/emner/matnat/fys/FYS9120/v25/timeplan/index.html
could not scan /studier/emner/matnat/fys/FYS9120/index.html: list index out of range
scanning link :https://www.uio.no/studier/emner/matnat/fys/FYS9239/v25/timeplan/index.html
could not scan /studier/emner/matnat/fys/FYS9260/index.html: 'NoneType' object has no attribute 'a'
scanning link :https://www.uio.no/studier/emner/matnat/fys/FYS9310/v25/timeplan/index.html
could not scan /studier/emner/matnat/fys/FYS9310/index.html: list index out of range
scanning link :https://www.uio.no/studier/emner/matnat/fys/FYS9411/v25/timeplan/index.html
could not scan /studier/emner/matnat/fys/FYS9411/index.html: list index out of range
scanning link :https://www.uio.no/studier/emner/matnat/fys/FYS9419/v25/timeplan/index.html
could not scan /studier/emner/matnat/fys/FYS9419/index.html: list index out of range
scanning link :https://www.uio.no/studier/emner/matnat/fys/FYS9429/v25/timeplan/index.html
could not scan /studier/emner/matnat/fys/FYS9429/index.html: list index out of range
could not scan /studier/emner/matnat/fys/FYS9460/index.html: 'NoneType' object has no attribute 'a'
could not scan /studier/emner/matnat/fys/FYS9530/index.html: 'NoneType' object has no attribute 'a'
scanning link :https://www.uio.no/studier/emner/matnat/fys/FYS9535/v25/timeplan/index.html
scanning link :https://www.uio.no/studier/emner/matnat/fys/FYS9555/v25/timeplan/index.html
could not scan /studier/emner/matnat/fys/FYS9555/index.html: list index out of range
scanning link :https://www.uio.no/studier/emner/matnat/fys/FYS9585/v25/timeplan/index.html
could not scan /studier/emner/matnat/fys/FYS9585/index.html: list index out of range
scanning link :https://www.uio.no/studier/emner/matnat/fys/FYS9590/v25/timeplan/index.html
could not scan /studier/emner/matnat/fys/FYS9590/index.html: list index out of range
scanning link :https://www.uio.no/studier/emner/matnat/fys/FYS9620/v25/timeplan/index.html
could not scan /studier/emner/matnat/fys/FYS9620/index.html: list index out of range
scanning link :https://www.uio.no/studier/emner/matnat/fys/FYS9730/v25/timeplan/index.html
could not scan /studier/emner/matnat/fys/FYS9730/index.html: list index out of range
scanning link :https://www.uio.no/studier/emner/matnat/fys/FYS9740/v25/timeplan/index.html
could not scan /studier/emner/matnat/fys/FYS9740/index.html: list index out of range
scanning link :https://www.uio.no/studier/emner/matnat/fys/FYS9762/v25/timeplan/index.html
could not scan /studier/emner/matnat/fys/FYS9762/index.html: list index out of range
scanning link :https://www.uio.no/studier/emner/matnat/geofag/GEO1110/v25/timeplan/index.html
could not scan /studier/emner/matnat/geofag/GEO1110/index.html: list index out of range
scanning link :https://www.uio.no/studier/emner/matnat/geofag/GEO2110/v25/timeplan/index.html
could not scan /studier/emner/matnat/geofag/GEO2110/index.html: list index out of range
scanning link :https://www.uio.no/studier/emner/matnat/geofag/GEO2130/v25/timeplan/index.html
could not scan /studier/emner/matnat/geofag/GEO2130/index.html: list index out of range
scanning link :https://www.uio.no/studier/emner/matnat/geofag/GEO2140/v25/timeplan/index.html
could not scan /studier/emner/matnat/geofag/GEO2140/index.html: list index out of range
scanning link :https://www.uio.no/studier/emner/matnat/geofag/GEO2150/v25/timeplan/index.html
could not scan /studier/emner/matnat/geofag/GEO2150/index.html: list index out of range
scanning link :https://www.uio.no/studier/emner/matnat/geofag/GEO2160/v25/timeplan/index.html
could not scan /studier/emner/matnat/geofag/GEO2160/index.html: list index out of range
scanning link :https://www.uio.no/studier/emner/matnat/geofag/GEO2210/v25/timeplan/index.html
could not scan /studier/emner/matnat/geofag/GEO2210/index.html: list index out of range
scanning link :https://www.uio.no/studier/emner/matnat/geofag/GEO2310/v25/timeplan/index.html
could not scan /studier/emner/matnat/geofag/GEO2310/index.html: list index out of range
scanning link :https://www.uio.no/studier/emner/matnat/geofag/GEO2330/v25/timeplan/index.html
could not scan /studier/emner/matnat/geofag/GEO2330/index.html: list index out of range
scanning link :https://www.uio.no/studier/emner/matnat/geofag/GEO3000/v25/timeplan/index.html
could not scan /studier/emner/matnat/geofag/GEO3000/index.html: list index out of range
scanning link :https://www.uio.no/studier/emner/matnat/geofag/GEO3010/v25/timeplan/index.html
could not scan /studier/emner/matnat/geofag/GEO3010/index.html: list index out of range
scanning link :https://www.uio.no/studier/emner/matnat/geofag/GEO3032/v25/timeplan/index.html
could not scan /studier/emner/matnat/geofag/GEO3032/index.html: list index out of range
scanning link :https://www.uio.no/studier/emner/matnat/geofag/GEO3050/v25/timeplan/index.html
scanning link :https://www.uio.no/studier/emner/matnat/geofag/GEO3240/v25/timeplan/index.html
could not scan /studier/emner/matnat/geofag/GEO3240/index.html: list index out of range
scanning link :https://www.uio.no/studier/emner/matnat/geofag/GEO3460/v25/timeplan/index.html
could not scan /studier/emner/matnat/geofag/GEO3460/index.html: list index out of range
scanning link :https://www.uio.no/studier/emner/matnat/geofag/GEO4012/v25/timeplan/index.html
could not scan /studier/emner/matnat/geofag/GEO4012/index.html: list index out of range
scanning link :https://www.uio.no/studier/emner/matnat/geofag/GEO4014/v25/timeplan/index.html
could not scan /studier/emner/matnat/geofag/GEO4014/index.html: list index out of range
scanning link :https://www.uio.no/studier/emner/matnat/geofag/GEO4151/v25/timeplan/index.html
could not scan /studier/emner/matnat/geofag/GEO4151/index.html: list index out of range
scanning link :https://www.uio.no/studier/emner/matnat/geofag/GEO4171/v25/timeplan/index.html
could not scan /studier/emner/matnat/geofag/GEO4171/index.html: list index out of range
scanning link :https://www.uio.no/studier/emner/matnat/geofag/GEO4214/v25/timeplan/index.html
could not scan /studier/emner/matnat/geofag/GEO4214/index.html: list index out of range
scanning link :https://www.uio.no/studier/emner/matnat/geofag/GEO4240/v25/timeplan/index.html
could not scan /studier/emner/matnat/geofag/GEO4240/index.html: list index out of range
scanning link :https://www.uio.no/studier/emner/matnat/geofag/GEO4260/v25/timeplan/index.html
could not scan /studier/emner/matnat/geofag/GEO4260/index.html: list index out of range
scanning link :https://www.uio.no/studier/emner/matnat/geofag/GEO4340/v25/timeplan/index.html
could not scan /studier/emner/matnat/geofag/GEO4340/index.html: list index out of range
scanning link :https://www.uio.no/studier/emner/matnat/geofag/GEO4360/v25/timeplan/index.html
could not scan /studier/emner/matnat/geofag/GEO4360/index.html: list index out of range
scanning link :https://www.uio.no/studier/emner/matnat/geofag/GEO4432/v25/timeplan/index.html
could not scan /studier/emner/matnat/geofag/GEO4432/index.html: list index out of range
scanning link :https://www.uio.no/studier/emner/matnat/geofag/GEO4460/v25/timeplan/index.html
could not scan /studier/emner/matnat/geofag/GEO4460/index.html: list index out of range
scanning link :https://www.uio.no/studier/emner/matnat/geofag/GEO4530/v25/timeplan/index.html
could not scan /studier/emner/matnat/geofag/GEO4530/index.html: list index out of range
scanning link :https://www.uio.no/studier/emner/matnat/geofag/GEO4840/v25/timeplan/index.html
could not scan /studier/emner/matnat/geofag/GEO4840/index.html: list index out of range
scanning link :https://www.uio.no/studier/emner/matnat/geofag/GEO4904/v25/timeplan/index.html
could not scan /studier/emner/matnat/geofag/GEO4904/index.html: list index out of range
scanning link :https://www.uio.no/studier/emner/matnat/geofag/GEO4922/v25/timeplan/index.html
could not scan /studier/emner/matnat/geofag/GEO4922/index.html: list index out of range
scanning link :https://www.uio.no/studier/emner/matnat/geofag/GEO4926/v25/timeplan/index.html
could not scan /studier/emner/matnat/geofag/GEO4926/index.html: list index out of range
could not scan /studier/emner/matnat/geofag/GEO4960/index.html: 'NoneType' object has no attribute 'a'
scanning link :https://www.uio.no/studier/emner/matnat/geofag/GEO4962/v25/timeplan/index.html
could not scan /studier/emner/matnat/geofag/GEO4962/index.html: list index out of range
could not scan /studier/emner/matnat/geofag/GEO4964/index.html: 'NoneType' object has no attribute 'a'
scanning link :https://www.uio.no/studier/emner/matnat/geofag/GEO4992/v25/timeplan/index.html
could not scan /studier/emner/matnat/geofag/GEO4992/index.html: list index out of range
scanning link :https://www.uio.no/studier/emner/matnat/geofag/GEO5440/v25/timeplan/index.html
could not scan /studier/emner/matnat/geofag/GEO5440/index.html: list index out of range
scanning link :https://www.uio.no/studier/emner/matnat/geofag/GEO5550/v25/timeplan/index.html
scanning link :https://www.uio.no/studier/emner/matnat/geofag/GEO5900/v25/timeplan/index.html
could not scan /studier/emner/matnat/geofag/GEO5900/index.html: list index out of range
could not scan /studier/emner/matnat/geofag/GEO5915/index.html: 'NoneType' object has no attribute 'a'
scanning link :https://www.uio.no/studier/emner/matnat/geofag/GEO9151/v25/timeplan/index.html
could not scan /studier/emner/matnat/geofag/GEO9151/index.html: list index out of range
could not scan /studier/emner/matnat/geofag/GEO9260/index.html: 'NoneType' object has no attribute 'a'
scanning link :https://www.uio.no/studier/emner/matnat/geofag/GEO9432/v25/timeplan/index.html
could not scan /studier/emner/matnat/geofag/GEO9432/index.html: Message: stale element reference: stale element not found in the current frame
  (Session info: chrome=131.0.6778.139); For documentation on this error, please visit: https://www.selenium.dev/documentation/webdriver/troubleshooting/errors#stale-element-reference-exception
Stacktrace:
#0 0x58afe089defa <unknown>
#1 0x58afe03c66c0 <unknown>
#2 0x58afe03cc3fa <unknown>
#3 0x58afe03ce8c3 <unknown>
#4 0x58afe03ce973 <unknown>
#5 0x58afe04142b5 <unknown>
#6 0x58afe04148f1 <unknown>
#7 0x58afe0408e36 <unknown>
#8 0x58afe043859d <unknown>
#9 0x58afe0408d28 <unknown>
#10 0x58afe043873e <unknown>
#11 0x58afe0456c4e <unknown>
#12 0x58afe0438313 <unknown>
#13 0x58afe0406fcf <unknown>
#14 0x58afe0407fee <unknown>
#15 0x58afe086c2df <unknown>
#16 0x58afe08703fd <unknown>
#17 0x58afe085a977 <unknown>
#18 0x58afe0870b71 <unknown>
#19 0x58afe084296e <unknown>
#20 0x58afe088cc18 <unknown>
#21 0x58afe088ce1a <unknown>
#22 0x58afe089cb6c <unknown>
#23 0x71f0ec3afac3 <unknown>

scanning link :https://www.uio.no/studier/emner/matnat/geofag/GEO9440/v25/timeplan/index.html
could not scan /studier/emner/matnat/geofag/GEO9440/index.html: list index out of range
scanning link :https://www.uio.no/studier/emner/matnat/geofag/GEO9530/v25/timeplan/index.html
could not scan /studier/emner/matnat/geofag/GEO9530/index.html: list index out of range
scanning link :https://www.uio.no/studier/emner/matnat/geofag/GEO9550/v25/timeplan/index.html
scanning link :https://www.uio.no/studier/emner/matnat/geofag/GEO9840/v25/timeplan/index.html
could not scan /studier/emner/matnat/geofag/GEO9840/index.html: list index out of range
scanning link :https://www.uio.no/studier/emner/matnat/geofag/GEO9900/v25/timeplan/index.html
could not scan /studier/emner/matnat/geofag/GEO9900/index.html: list index out of range
scanning link :https://www.uio.no/studier/emner/matnat/geofag/GEO9904/v25/timeplan/index.html
could not scan /studier/emner/matnat/geofag/GEO9904/index.html: list index out of range
could not scan /studier/emner/matnat/geofag/GEO9915/index.html: 'NoneType' object has no attribute 'a'
scanning link :https://www.uio.no/studier/emner/matnat/geofag/GEO9922/v25/timeplan/index.html
could not scan /studier/emner/matnat/geofag/GEO9922/index.html: Message: stale element reference: stale element not found in the current frame
  (Session info: chrome=131.0.6778.139); For documentation on this error, please visit: https://www.selenium.dev/documentation/webdriver/troubleshooting/errors#stale-element-reference-exception
Stacktrace:
#0 0x58afe089defa <unknown>
#1 0x58afe03c66c0 <unknown>
#2 0x58afe03cc3fa <unknown>
#3 0x58afe03ce8c3 <unknown>
#4 0x58afe03ce973 <unknown>
#5 0x58afe04142b5 <unknown>
#6 0x58afe04148f1 <unknown>
#7 0x58afe0408e36 <unknown>
#8 0x58afe043859d <unknown>
#9 0x58afe0408d28 <unknown>
#10 0x58afe043873e <unknown>
#11 0x58afe0456c4e <unknown>
#12 0x58afe0438313 <unknown>
#13 0x58afe0406fcf <unknown>
#14 0x58afe0407fee <unknown>
#15 0x58afe086c2df <unknown>
#16 0x58afe08703fd <unknown>
#17 0x58afe085a977 <unknown>
#18 0x58afe0870b71 <unknown>
#19 0x58afe084296e <unknown>
#20 0x58afe088cc18 <unknown>
#21 0x58afe088ce1a <unknown>
#22 0x58afe089cb6c <unknown>
#23 0x71f0ec3afac3 <unknown>

scanning link :https://www.uio.no/studier/emner/matnat/geofag/GEO9926/v25/timeplan/index.html
could not scan /studier/emner/matnat/geofag/GEO9926/index.html: list index out of range
could not scan /studier/emner/matnat/geofag/GEO9960/index.html: 'NoneType' object has no attribute 'a'
scanning link :https://www.uio.no/studier/emner/matnat/geofag/GEO9962/v25/timeplan/index.html
could not scan /studier/emner/matnat/geofag/GEO9962/index.html: list index out of range
scanning link :https://www.uio.no/studier/emner/matnat/geofag/GEO9992/v25/timeplan/index.html
could not scan /studier/emner/matnat/geofag/GEO9992/index.html: list index out of range
scanning link :https://www.uio.no/studier/emner/hf/ifikk/GRE1002/v25/timeplan/index.html
could not scan /studier/emner/hf/ifikk/GRE1002/index.html: list index out of range
scanning link :https://www.uio.no/studier/emner/hf/ifikk/GRE2403/v25/timeplan/index.html
could not scan /studier/emner/hf/ifikk/GRE2403/index.html: list index out of range
scanning link :https://www.uio.no/studier/emner/hf/ifikk/GRE2431/v25/timeplan/index.html
could not scan /studier/emner/hf/ifikk/GRE2431/index.html: list index out of range
scanning link :https://www.uio.no/studier/emner/hf/ifikk/GRE3190/v25/timeplan/index.html
scanning link :https://www.uio.no/studier/emner/hf/ifikk/GRE4002/v25/timeplan/index.html
could not scan /studier/emner/hf/ifikk/GRE4002/index.html: list index out of range
scanning link :https://www.uio.no/studier/emner/hf/ifikk/GRE4102/v25/timeplan/index.html
could not scan /studier/emner/hf/ifikk/GRE4102/index.html: list index out of range
scanning link :https://www.uio.no/studier/emner/hf/ifikk/GRE4190/v25/timeplan/index.html
scanning link :https://www.uio.no/studier/emner/medisin/helseadm/HADM4104/v25/timeplan/index.html
could not scan /studier/emner/medisin/helseadm/HADM4104/index.html: list index out of range
scanning link :https://www.uio.no/studier/emner/medisin/helseadm/HADM4204/v25/timeplan/index.html
could not scan /studier/emner/medisin/helseadm/HADM4204/index.html: list index out of range
scanning link :https://www.uio.no/studier/emner/medisin/helseadm/HADM4301/v25/timeplan/index.html
could not scan /studier/emner/medisin/helseadm/HADM4301/index.html: list index out of range
scanning link :https://www.uio.no/studier/emner/medisin/helseadm/HADM4502/v25/timeplan/index.html
scanning link :https://www.uio.no/studier/emner/hf/iakh/HARK2222/v25/timeplan/index.html
scanning link :https://www.uio.no/studier/emner/medisin/helseadm/HECON4000/v25/timeplan/index.html
could not scan /studier/emner/medisin/helseadm/HECON4000/index.html: list index out of range
scanning link :https://www.uio.no/studier/emner/medisin/helseadm/HECON4210/v25/timeplan/index.html
could not scan /studier/emner/medisin/helseadm/HECON4210/index.html: list index out of range
scanning link :https://www.uio.no/studier/emner/medisin/helseadm/HECON4220/v25/timeplan/index.html
could not scan /studier/emner/medisin/helseadm/HECON4220/index.html: list index out of range
could not scan /studier/emner/medisin/helseadm/HECON4230/index.html: 'NoneType' object has no attribute 'a'
scanning link :https://www.uio.no/studier/emner/medisin/helsefag/HELSEF4405/v25/timeplan/index.html
could not scan /studier/emner/medisin/helsefag/HELSEF4405/index.html: list index out of range
scanning link :https://www.uio.no/studier/emner/medisin/helsefag/HELSEF4407/v25/timeplan/index.html
could not scan /studier/emner/medisin/helsefag/HELSEF4407/index.html: list index out of range
scanning link :https://www.uio.no/studier/emner/medisin/helsefag/HELSEF4420/v25/timeplan/index.html
could not scan /studier/emner/medisin/helsefag/HELSEF4420/index.html: list index out of range
scanning link :https://www.uio.no/studier/emner/medisin/helsefag/HELSEF4430/v25/timeplan/index.html
could not scan /studier/emner/medisin/helsefag/HELSEF4430/index.html: list index out of range
scanning link :https://www.uio.no/studier/emner/medisin/helsefag/HELSEF4440/v25/timeplan/index.html
could not scan /studier/emner/medisin/helsefag/HELSEF4440/index.html: list index out of range
scanning link :https://www.uio.no/studier/emner/medisin/helsefag/HELSEF4450/v25/timeplan/index.html
could not scan /studier/emner/medisin/helsefag/HELSEF4450/index.html: list index out of range
scanning link :https://www.uio.no/studier/emner/medisin/helsefag/HELSEF4510/v25/timeplan/index.html
could not scan /studier/emner/medisin/helsefag/HELSEF4510/index.html: list index out of range
scanning link :https://www.uio.no/studier/emner/medisin/helsefag/HELSEF4511/v25/timeplan/index.html
could not scan /studier/emner/medisin/helsefag/HELSEF4511/index.html: list index out of range
scanning link :https://www.uio.no/studier/emner/medisin/helsefag/HELSEF4512/v25/timeplan/index.html
could not scan /studier/emner/medisin/helsefag/HELSEF4512/index.html: list index out of range
could not scan /studier/emner/uv/iped/HEM4390/index.html: 'NoneType' object has no attribute 'a'
scanning link :https://www.uio.no/studier/emner/medisin/med/HES9320/v25/timeplan/index.html
could not scan /studier/emner/medisin/med/HES9320/index.html: list index out of range
scanning link :https://www.uio.no/studier/emner/medisin/med/HES9325/v25/timeplan/index.html
could not scan /studier/emner/medisin/med/HES9325/index.html: list index out of range
scanning link :https://www.uio.no/studier/emner/medisin/med/HES9520/v25/timeplan/index.html
scanning link :https://www.uio.no/studier/emner/medisin/helseadm/HEVAL4200/v25/timeplan/index.html
could not scan /studier/emner/medisin/helseadm/HEVAL4200/index.html: list index out of range
scanning link :https://www.uio.no/studier/emner/medisin/helseadm/HEVAL5120/v25/timeplan/index.html
could not scan /studier/emner/medisin/helseadm/HEVAL5120/index.html: list index out of range
scanning link :https://www.uio.no/studier/emner/medisin/helseadm/HEXFAC1000/v25/timeplan/index.html
could not scan /studier/emner/medisin/helseadm/HEXFAC1000/index.html: list index out of range
could not scan /studier/emner/hf/iln/HFILN9001C/index.html: 'NoneType' object has no attribute 'a'
scanning link :https://www.uio.no/studier/emner/hf/imk/HFIMK9002/v25/timeplan/index.html
could not scan /studier/emner/hf/imk/HFIMK9002/index.html: list index out of range
scanning link :https://www.uio.no/studier/emner/hf/imv/HFIMV9053/v25/timeplan/index.html
could not scan /studier/emner/hf/imv/HFIMV9053/index.html: list index out of range
scanning link :https://www.uio.no/studier/emner/medisin/helseadm/HFIN4210/v25/timeplan/index.html
could not scan /studier/emner/medisin/helseadm/HFIN4210/index.html: list index out of range
scanning link :https://www.uio.no/studier/emner/hf/iln/HFLESER1011/v25/timeplan/index.html
could not scan /studier/emner/hf/iln/HFLESER1011/index.html: list index out of range
scanning link :https://www.uio.no/studier/emner/hf/ikos/HFLESER1016/v25/timeplan/index.html
could not scan /studier/emner/hf/ikos/HFLESER1016/index.html: list index out of range
scanning link :https://www.uio.no/studier/emner/hf/imv/HFLESER1023/v25/timeplan/index.html
could not scan /studier/emner/hf/imv/HFLESER1023/index.html: list index out of range
scanning link :https://www.uio.no/studier/emner/sv/iss/HGO4010/v25/timeplan/index.html
could not scan /studier/emner/sv/iss/HGO4010/index.html: list index out of range
scanning link :https://www.uio.no/studier/emner/sv/iss/HGO4020/v25/timeplan/index.html
could not scan /studier/emner/sv/iss/HGO4020/index.html: list index out of range
scanning link :https://www.uio.no/studier/emner/sv/iss/HGO4040/v25/timeplan/index.html
scanning link :https://www.uio.no/studier/emner/sv/iss/HGO4080/v25/timeplan/index.html
could not scan /studier/emner/sv/iss/HGO4080/index.html: list index out of range
scanning link :https://www.uio.no/studier/emner/sv/iss/HGO4090/v25/timeplan/index.html
could not scan /studier/emner/sv/iss/HGO4090/index.html: list index out of range
could not scan /studier/emner/sv/iss/HGO4203/index.html: 'NoneType' object has no attribute 'a'
could not scan /studier/emner/sv/iss/HGO4501/index.html: 'NoneType' object has no attribute 'a'
could not scan /studier/emner/sv/iss/HGO4604/index.html: 'NoneType' object has no attribute 'a'
could not scan /studier/emner/sv/iss/HGO4940/index.html: 'NoneType' object has no attribute 'a'
scanning link :https://www.uio.no/studier/emner/sv/iss/HGO4941/v25/timeplan/index.html
could not scan /studier/emner/sv/iss/HGO4941/index.html: list index out of range
scanning link :https://www.uio.no/studier/emner/hf/iakh/HIS1400/v25/timeplan/index.html
scanning link :https://www.uio.no/studier/emner/hf/iakh/HIS1400L/v25/timeplan/index.html
could not scan /studier/emner/hf/iakh/HIS1400L/index.html: list index out of range
scanning link :https://www.uio.no/studier/emner/hf/iakh/HIS1410INTER/v25/timeplan/index.html
could not scan /studier/emner/hf/iakh/HIS1410INTER/index.html: list index out of range
scanning link :https://www.uio.no/studier/emner/hf/iakh/HIS2100/v25/timeplan/index.html
could not scan /studier/emner/hf/iakh/HIS2100/index.html: list index out of range
scanning link :https://www.uio.no/studier/emner/hf/iakh/HIS2125/v25/timeplan/index.html
could not scan /studier/emner/hf/iakh/HIS2125/index.html: list index out of range
scanning link :https://www.uio.no/studier/emner/hf/iakh/HIS2145/v25/timeplan/index.html
could not scan /studier/emner/hf/iakh/HIS2145/index.html: list index out of range
scanning link :https://www.uio.no/studier/emner/hf/iakh/HIS2158/v25/timeplan/index.html
scanning link :https://www.uio.no/studier/emner/hf/iakh/HIS2305/v25/timeplan/index.html
could not scan /studier/emner/hf/iakh/HIS2305/index.html: list index out of range
scanning link :https://www.uio.no/studier/emner/hf/iakh/HIS2324/v25/timeplan/index.html
could not scan /studier/emner/hf/iakh/HIS2324/index.html: list index out of range
scanning link :https://www.uio.no/studier/emner/hf/iakh/HIS2370/v25/timeplan/index.html
could not scan /studier/emner/hf/iakh/HIS2370/index.html: list index out of range
scanning link :https://www.uio.no/studier/emner/hf/iakh/HIS2421/v25/timeplan/index.html
could not scan /studier/emner/hf/iakh/HIS2421/index.html: list index out of range
scanning link :https://www.uio.no/studier/emner/hf/iakh/HIS2940/v25/timeplan/index.html
could not scan /studier/emner/hf/iakh/HIS2940/index.html: list index out of range
scanning link :https://www.uio.no/studier/emner/hf/iakh/HIS2950/v25/timeplan/index.html
could not scan /studier/emner/hf/iakh/HIS2950/index.html: list index out of range
scanning link :https://www.uio.no/studier/emner/hf/iakh/HIS3090/v25/timeplan/index.html
scanning link :https://www.uio.no/studier/emner/hf/iakh/HIS4010/v25/timeplan/index.html
could not scan /studier/emner/hf/iakh/HIS4010/index.html: list index out of range
scanning link :https://www.uio.no/studier/emner/hf/iakh/HIS4035/v25/timeplan/index.html
could not scan /studier/emner/hf/iakh/HIS4035/index.html: list index out of range
scanning link :https://www.uio.no/studier/emner/hf/iakh/HIS4050/v25/timeplan/index.html
could not scan /studier/emner/hf/iakh/HIS4050/index.html: list index out of range
could not scan /studier/emner/hf/iakh/HIS4090/index.html: 'NoneType' object has no attribute 'a'
could not scan /studier/emner/hf/iakh/HIS4090L/index.html: 'NoneType' object has no attribute 'a'
could not scan /studier/emner/hf/iakh/HIS4095/index.html: 'NoneType' object has no attribute 'a'
could not scan /studier/emner/hf/iakh/HIS4095L/index.html: 'NoneType' object has no attribute 'a'
scanning link :https://www.uio.no/studier/emner/hf/iakh/HIS4125/v25/timeplan/index.html
could not scan /studier/emner/hf/iakh/HIS4125/index.html: list index out of range
scanning link :https://www.uio.no/studier/emner/hf/iakh/HIS4209/v25/timeplan/index.html
could not scan /studier/emner/hf/iakh/HIS4209/index.html: list index out of range
scanning link :https://www.uio.no/studier/emner/hf/iakh/HIS4223/v25/timeplan/index.html
could not scan /studier/emner/hf/iakh/HIS4223/index.html: list index out of range
scanning link :https://www.uio.no/studier/emner/hf/iakh/HIS4225/v25/timeplan/index.html
could not scan /studier/emner/hf/iakh/HIS4225/index.html: list index out of range
scanning link :https://www.uio.no/studier/emner/hf/iakh/HIS4233/v25/timeplan/index.html
could not scan /studier/emner/hf/iakh/HIS4233/index.html: list index out of range
scanning link :https://www.uio.no/studier/emner/hf/iakh/HIS4235/v25/timeplan/index.html
could not scan /studier/emner/hf/iakh/HIS4235/index.html: list index out of range
scanning link :https://www.uio.no/studier/emner/hf/iakh/HIS4240/v25/timeplan/index.html
could not scan /studier/emner/hf/iakh/HIS4240/index.html: list index out of range
scanning link :https://www.uio.no/studier/emner/hf/iakh/HIS4305/v25/timeplan/index.html
could not scan /studier/emner/hf/iakh/HIS4305/index.html: list index out of range
scanning link :https://www.uio.no/studier/emner/hf/iakh/HIS4324/v25/timeplan/index.html
could not scan /studier/emner/hf/iakh/HIS4400/index.html: 'NoneType' object has no attribute 'a'
scanning link :https://www.uio.no/studier/emner/medisin/helseadm/HLED1201/v25/timeplan/index.html
could not scan /studier/emner/medisin/helseadm/HLED1201/index.html: list index out of range
scanning link :https://www.uio.no/studier/emner/medisin/helseadm/HLED3000/v25/timeplan/index.html
could not scan /studier/emner/medisin/helseadm/HLED3000/index.html: list index out of range
scanning link :https://www.uio.no/studier/emner/medisin/helseadm/HLED3002/v25/timeplan/index.html
scanning link :https://www.uio.no/studier/emner/medisin/helseadm/HLED3003/v25/timeplan/index.html
could not scan /studier/emner/medisin/helseadm/HLED3003/index.html: list index out of range
scanning link :https://www.uio.no/studier/emner/medisin/helseadm/HMAN4210/v25/timeplan/index.html
could not scan /studier/emner/medisin/helseadm/HMAN4210/index.html: list index out of range
could not scan /studier/emner/medisin/helseadm/HMAN4230/index.html: 'NoneType' object has no attribute 'a'
scanning link :https://www.uio.no/studier/emner/medisin/helseadm/HMET4220/v25/timeplan/index.html
could not scan /studier/emner/medisin/helseadm/HMET4220/index.html: list index out of range
scanning link :https://www.uio.no/studier/emner/medisin/helseadm/HMET5120/v25/timeplan/index.html
could not scan /studier/emner/medisin/helseadm/HMET5120/index.html: list index out of range
could not scan /studier/emner/medisin/helseadm/HMM4501/index.html: 'NoneType' object has no attribute 'a'
could not scan /studier/emner/medisin/med/HMS0301/index.html: 'NoneType' object has no attribute 'a'
could not scan /studier/emner/medisin/med/HMS0302/index.html: 'NoneType' object has no attribute 'a'
could not scan /studier/emner/matnat/mn/HMS0501/index.html: 'NoneType' object has no attribute 'a'
could not scan /studier/emner/matnat/mn/HMS0502/index.html: 'NoneType' object has no attribute 'a'
could not scan /studier/emner/matnat/mn/HMS0503/index.html: 'NoneType' object has no attribute 'a'
could not scan /studier/emner/matnat/mn/HMS0504/index.html: 'NoneType' object has no attribute 'a'
could not scan /studier/emner/matnat/mn/HMS0505/index.html: 'NoneType' object has no attribute 'a'
could not scan /studier/emner/matnat/mn/HMS0506/index.html: 'NoneType' object has no attribute 'a'
scanning link :https://www.uio.no/studier/emner/matnat/mn/HMS0507/v25/timeplan/index.html
could not scan /studier/emner/matnat/mn/HMS0507/index.html: list index out of range
scanning link :https://www.uio.no/studier/emner/matnat/fys/HON2200/v25/timeplan/index.html
could not scan /studier/emner/matnat/fys/HON2200/index.html: list index out of range
scanning link :https://www.uio.no/studier/emner/jus/humanrights/HUMR4504/v25/timeplan/index.html
could not scan /studier/emner/jus/humanrights/HUMR4504/index.html: list index out of range
could not scan /studier/emner/jus/humanrights/HUMR5150/index.html: 'NoneType' object has no attribute 'jsonExport'
could not scan /studier/emner/jus/humanrights/HUMR5200/index.html: 'NoneType' object has no attribute 'a'
scanning link :https://www.uio.no/studier/emner/jus/humanrights/HUMR5508/v25/timeplan/index.html
could not scan /studier/emner/jus/humanrights/HUMR5508/index.html: list index out of range
scanning link :https://www.uio.no/studier/emner/jus/humanrights/HUMR5702/v25/timeplan/index.html
could not scan /studier/emner/jus/humanrights/HUMR5702/index.html: list index out of range
scanning link :https://www.uio.no/studier/emner/medisin/helseadm/HOKON2001/v25/timeplan/index.html
could not scan /studier/emner/medisin/helseadm/HOKON2001/index.html: list index out of range
scanning link :https://www.uio.no/studier/emner/medisin/helseadm/HOKON3001/v25/timeplan/index.html
could not scan /studier/emner/medisin/helseadm/HOKON3001/index.html: list index out of range
scanning link :https://www.uio.no/studier/emner/hf/iln/IBS2200/v25/timeplan/index.html
could not scan /studier/emner/hf/iln/IBS2200/index.html: list index out of range
scanning link :https://www.uio.no/studier/emner/hf/ibsensenteret/IBS2220/v25/timeplan/index.html
could not scan /studier/emner/hf/ibsensenteret/IBS2220/index.html: list index out of range
scanning link :https://www.uio.no/studier/emner/hf/ibsensenteret/IBS2250/v25/timeplan/index.html
could not scan /studier/emner/hf/ibsensenteret/IBS2250/index.html: list index out of range
could not scan /studier/emner/hf/ibsensenteret/IBS4001/index.html: list index out of range
could not scan /studier/emner/hf/ibsensenteret/IBS4180/index.html: 'NoneType' object has no attribute 'a'
scanning link :https://www.uio.no/studier/emner/hf/iln/IBS4200/v25/timeplan/index.html
could not scan /studier/emner/hf/iln/IBS4200/index.html: list index out of range
scanning link :https://www.uio.no/studier/emner/hf/ibsensenteret/IBS4220/v25/timeplan/index.html
could not scan /studier/emner/hf/ibsensenteret/IBS4220/index.html: list index out of range
scanning link :https://www.uio.no/studier/emner/hf/ibsensenteret/IBS4250/v25/timeplan/index.html
could not scan /studier/emner/hf/ibsensenteret/IBS4250/index.html: list index out of range
could not scan /studier/emner/hf/ibsensenteret/IBS4390/index.html: 'NoneType' object has no attribute 'a'
could not scan /studier/emner/hf/iln/IBS4395/index.html: 'NoneType' object has no attribute 'a'
could not scan /studier/emner/jus/jus/ICTLTHESIS/index.html: 'NoneType' object has no attribute 'a'
scanning link :https://www.uio.no/studier/emner/hf/ifikk/IDE1105/v25/timeplan/index.html
could not scan /studier/emner/hf/ifikk/IDE1105/index.html: list index out of range
scanning link :https://www.uio.no/studier/emner/hf/ifikk/IDE2014/v25/timeplan/index.html
could not scan /studier/emner/hf/ifikk/IDE2014/index.html: list index out of range
could not scan /studier/emner/hf/ifikk/IDE2016/index.html: 'NoneType' object has no attribute 'a'
could not scan /studier/emner/hf/ifikk/IDE2018/index.html: 'NoneType' object has no attribute 'a'
scanning link :https://www.uio.no/studier/emner/hf/ifikk/IDE2019/v25/timeplan/index.html
could not scan /studier/emner/hf/ifikk/IDE2021/index.html: 'NoneType' object has no attribute 'a'
could not scan /studier/emner/hf/ifikk/IDE2029/index.html: 'NoneType' object has no attribute 'a'
could not scan /studier/emner/hf/ifikk/IDE2051/index.html: 'NoneType' object has no attribute 'a'
scanning link :https://www.uio.no/studier/emner/hf/ifikk/IDE2057/v25/timeplan/index.html
could not scan /studier/emner/hf/ifikk/IDE2057/index.html: list index out of range
could not scan /studier/emner/hf/ifikk/IDE2058/index.html: 'NoneType' object has no attribute 'a'
could not scan /studier/emner/hf/ifikk/IDE2058B/index.html: 'NoneType' object has no attribute 'a'
could not scan /studier/emner/hf/ifikk/IDE2060/index.html: 'NoneType' object has no attribute 'a'
could not scan /studier/emner/hf/ifikk/IDE2063/index.html: 'NoneType' object has no attribute 'a'
scanning link :https://www.uio.no/studier/emner/hf/ifikk/IDE2068/v25/timeplan/index.html
could not scan /studier/emner/hf/ifikk/IDE2068/index.html: list index out of range
scanning link :https://www.uio.no/studier/emner/hf/ifikk/IDE2071/v25/timeplan/index.html
could not scan /studier/emner/hf/ifikk/IDE2071/index.html: list index out of range
could not scan /studier/emner/hf/ifikk/IDE2092/index.html: 'NoneType' object has no attribute 'a'
scanning link :https://www.uio.no/studier/emner/hf/ifikk/IDE2100/v25/timeplan/index.html
could not scan /studier/emner/hf/ifikk/IDE2100/index.html: list index out of range
scanning link :https://www.uio.no/studier/emner/hf/ifikk/IDE3090/v25/timeplan/index.html
could not scan /studier/emner/hf/ifikk/IDE3090/index.html: list index out of range
scanning link :https://www.uio.no/studier/emner/hf/ifikk/IDE4014/v25/timeplan/index.html
could not scan /studier/emner/hf/ifikk/IDE4014/index.html: list index out of range
could not scan /studier/emner/hf/ifikk/IDE4016/index.html: 'NoneType' object has no attribute 'a'
could not scan /studier/emner/hf/ifikk/IDE4018/index.html: 'NoneType' object has no attribute 'a'
scanning link :https://www.uio.no/studier/emner/hf/ifikk/IDE4019/v25/timeplan/index.html
could not scan /studier/emner/hf/ifikk/IDE4019/index.html: list index out of range
could not scan /studier/emner/hf/ifikk/IDE4021/index.html: 'NoneType' object has no attribute 'a'
could not scan /studier/emner/hf/ifikk/IDE4022/index.html: 'NoneType' object has no attribute 'a'
could not scan /studier/emner/hf/ifikk/IDE4024/index.html: 'NoneType' object has no attribute 'a'
could not scan /studier/emner/hf/ifikk/IDE4025/index.html: 'NoneType' object has no attribute 'a'
could not scan /studier/emner/hf/ifikk/IDE4029/index.html: 'NoneType' object has no attribute 'a'
could not scan /studier/emner/hf/ifikk/IDE4038/index.html: 'NoneType' object has no attribute 'a'
could not scan /studier/emner/hf/ifikk/IDE4040/index.html: 'NoneType' object has no attribute 'a'
could not scan /studier/emner/hf/ifikk/IDE4045/index.html: 'NoneType' object has no attribute 'a'
could not scan /studier/emner/hf/ifikk/IDE4052/index.html: 'NoneType' object has no attribute 'a'
could not scan /studier/emner/hf/ifikk/IDE4053/index.html: 'NoneType' object has no attribute 'a'
scanning link :https://www.uio.no/studier/emner/hf/ifikk/IDE4057/v25/timeplan/index.html
could not scan /studier/emner/hf/ifikk/IDE4057/index.html: list index out of range
could not scan /studier/emner/hf/ifikk/IDE4058/index.html: 'NoneType' object has no attribute 'a'
could not scan /studier/emner/hf/ifikk/IDE4060/index.html: 'NoneType' object has no attribute 'a'
could not scan /studier/emner/hf/ifikk/IDE4063/index.html: 'NoneType' object has no attribute 'a'
scanning link :https://www.uio.no/studier/emner/hf/ifikk/IDE4068/v25/timeplan/index.html
could not scan /studier/emner/hf/ifikk/IDE4068/index.html: list index out of range
scanning link :https://www.uio.no/studier/emner/hf/ifikk/IDE4070/v25/timeplan/index.html
scanning link :https://www.uio.no/studier/emner/hf/ifikk/IDE4078/v25/timeplan/index.html
could not scan /studier/emner/hf/ifikk/IDE4091/index.html: 'NoneType' object has no attribute 'a'
could not scan /studier/emner/hf/ifikk/IDE4092/index.html: 'NoneType' object has no attribute 'a'
scanning link :https://www.uio.no/studier/emner/hf/ifikk/IDE4100/v25/timeplan/index.html
could not scan /studier/emner/hf/ifikk/IDE4100/index.html: list index out of range
could not scan /studier/emner/hf/ifikk/IDE4890/index.html: 'NoneType' object has no attribute 'a'
could not scan /studier/emner/hf/iln/ILN2100/index.html: 'NoneType' object has no attribute 'a'
could not scan /studier/emner/hf/iln/ILN2200/index.html: 'NoneType' object has no attribute 'a'
scanning link :https://www.uio.no/studier/emner/hf/iln/ILN2301/v25/timeplan/index.html
could not scan /studier/emner/hf/iln/ILN2301/index.html: list index out of range
could not scan /studier/emner/hf/iln/ILN4100/index.html: 'NoneType' object has no attribute 'a'
could not scan /studier/emner/hf/iln/ILN4900/index.html: 'NoneType' object has no attribute 'a'
could not scan /studier/emner/hf/iln/ILN4950/index.html: 'NoneType' object has no attribute 'a'
could not scan /studier/emner/medisin/med/IMB9270/index.html: 'NoneType' object has no attribute 'a'
scanning link :https://www.uio.no/studier/emner/matnat/ifi/IN1000/v25/timeplan/index.html
could not scan /studier/emner/matnat/ifi/IN1000/index.html: list index out of range
scanning link :https://www.uio.no/studier/emner/matnat/ifi/IN1010/v25/timeplan/index.html
scanning link :https://www.uio.no/studier/emner/matnat/ifi/IN1030/v25/timeplan/index.html
scanning link :https://www.uio.no/studier/emner/matnat/ifi/IN1060/v25/timeplan/index.html
could not scan /studier/emner/matnat/ifi/IN1060/index.html: list index out of range
scanning link :https://www.uio.no/studier/emner/matnat/ifi/IN1080/v25/timeplan/index.html
could not scan /studier/emner/matnat/ifi/IN1080/index.html: list index out of range
scanning link :https://www.uio.no/studier/emner/matnat/ifi/IN1150/v25/timeplan/index.html
scanning link :https://www.uio.no/studier/emner/matnat/ifi/IN2000/v25/timeplan/index.html
could not scan /studier/emner/matnat/ifi/IN2000/index.html: list index out of range
scanning link :https://www.uio.no/studier/emner/matnat/ifi/IN2080/v25/timeplan/index.html
could not scan /studier/emner/matnat/ifi/IN2080/index.html: list index out of range
scanning link :https://www.uio.no/studier/emner/matnat/ifi/IN2100/v25/timeplan/index.html
could not scan /studier/emner/matnat/ifi/IN2100/index.html: list index out of range
scanning link :https://www.uio.no/studier/emner/matnat/ifi/IN2110/v25/timeplan/index.html
could not scan /studier/emner/matnat/ifi/IN2110/index.html: list index out of range
scanning link :https://www.uio.no/studier/emner/matnat/ifi/IN2140/v25/timeplan/index.html
scanning link :https://www.uio.no/studier/emner/matnat/ifi/IN2150/v25/timeplan/index.html
could not scan /studier/emner/matnat/ifi/IN2150/index.html: list index out of range
scanning link :https://www.uio.no/studier/emner/matnat/ifi/IN3000/v25/timeplan/index.html
could not scan /studier/emner/matnat/ifi/IN3000/index.html: list index out of range
scanning link :https://www.uio.no/studier/emner/matnat/ifi/IN3010/v25/timeplan/index.html
could not scan /studier/emner/matnat/ifi/IN3010/index.html: list index out of range
scanning link :https://www.uio.no/studier/emner/matnat/ifi/IN3020/v25/timeplan/index.html
could not scan /studier/emner/matnat/ifi/IN3020/index.html: list index out of range
scanning link :https://www.uio.no/studier/emner/matnat/ifi/IN3030/v25/timeplan/index.html
could not scan /studier/emner/matnat/ifi/IN3030/index.html: list index out of range
scanning link :https://www.uio.no/studier/emner/matnat/ifi/IN3050/v25/timeplan/index.html
could not scan /studier/emner/matnat/ifi/IN3050/index.html: list index out of range
scanning link :https://www.uio.no/studier/emner/matnat/ifi/IN3060/v25/timeplan/index.html
could not scan /studier/emner/matnat/ifi/IN3060/index.html: list index out of range
scanning link :https://www.uio.no/studier/emner/matnat/ifi/IN3090/v25/timeplan/index.html
scanning link :https://www.uio.no/studier/emner/matnat/ifi/IN3140/v25/timeplan/index.html
could not scan /studier/emner/matnat/ifi/IN3140/index.html: Message: stale element reference: stale element not found in the current frame
  (Session info: chrome=131.0.6778.139); For documentation on this error, please visit: https://www.selenium.dev/documentation/webdriver/troubleshooting/errors#stale-element-reference-exception
Stacktrace:
#0 0x58afe089defa <unknown>
#1 0x58afe03c66c0 <unknown>
#2 0x58afe03cc3fa <unknown>
#3 0x58afe03ce8c3 <unknown>
#4 0x58afe03ce973 <unknown>
#5 0x58afe04142b5 <unknown>
#6 0x58afe04148f1 <unknown>
#7 0x58afe0408e36 <unknown>
#8 0x58afe043859d <unknown>
#9 0x58afe0408d28 <unknown>
#10 0x58afe043873e <unknown>
#11 0x58afe0456c4e <unknown>
#12 0x58afe0438313 <unknown>
#13 0x58afe0406fcf <unknown>
#14 0x58afe0407fee <unknown>
#15 0x58afe086c2df <unknown>
#16 0x58afe08703fd <unknown>
#17 0x58afe085a977 <unknown>
#18 0x58afe0870b71 <unknown>
#19 0x58afe084296e <unknown>
#20 0x58afe088cc18 <unknown>
#21 0x58afe088ce1a <unknown>
#22 0x58afe089cb6c <unknown>
#23 0x71f0ec3afac3 <unknown>

scanning link :https://www.uio.no/studier/emner/matnat/ifi/IN3160/v25/timeplan/index.html
could not scan /studier/emner/matnat/ifi/IN3160/index.html: list index out of range
scanning link :https://www.uio.no/studier/emner/matnat/ifi/IN3170/v25/timeplan/index.html
could not scan /studier/emner/matnat/ifi/IN3170/index.html: list index out of range
scanning link :https://www.uio.no/studier/emner/matnat/ifi/IN3200/v25/timeplan/index.html
could not scan /studier/emner/matnat/ifi/IN3200/index.html: list index out of range
scanning link :https://www.uio.no/studier/emner/matnat/ifi/IN3240/v25/timeplan/index.html
could not scan /studier/emner/matnat/ifi/IN3240/index.html: Message: stale element reference: stale element not found in the current frame
  (Session info: chrome=131.0.6778.139); For documentation on this error, please visit: https://www.selenium.dev/documentation/webdriver/troubleshooting/errors#stale-element-reference-exception
Stacktrace:
#0 0x58afe089defa <unknown>
#1 0x58afe03c66c0 <unknown>
#2 0x58afe03cc3fa <unknown>
#3 0x58afe03ce8c3 <unknown>
#4 0x58afe03ce973 <unknown>
#5 0x58afe04142b5 <unknown>
#6 0x58afe04148f1 <unknown>
#7 0x58afe0408e36 <unknown>
#8 0x58afe043859d <unknown>
#9 0x58afe0408d28 <unknown>
#10 0x58afe043873e <unknown>
#11 0x58afe0456c4e <unknown>
#12 0x58afe0438313 <unknown>
#13 0x58afe0406fcf <unknown>
#14 0x58afe0407fee <unknown>
#15 0x58afe086c2df <unknown>
#16 0x58afe08703fd <unknown>
#17 0x58afe085a977 <unknown>
#18 0x58afe0870b71 <unknown>
#19 0x58afe084296e <unknown>
#20 0x58afe088cc18 <unknown>
#21 0x58afe088ce1a <unknown>
#22 0x58afe089cb6c <unknown>
#23 0x71f0ec3afac3 <unknown>

scanning link :https://www.uio.no/studier/emner/matnat/ifi/IN3260/v25/timeplan/index.html
scanning link :https://www.uio.no/studier/emner/matnat/ifi/IN3290/v25/timeplan/index.html
could not scan /studier/emner/matnat/ifi/IN3290/index.html: list index out of range
scanning link :https://www.uio.no/studier/emner/matnat/ifi/IN3310/v25/timeplan/index.html
could not scan /studier/emner/matnat/ifi/IN3310/index.html: list index out of range
scanning link :https://www.uio.no/studier/emner/matnat/ifi/IN4000/v25/timeplan/index.html
could not scan /studier/emner/matnat/ifi/IN4000/index.html: list index out of range
scanning link :https://www.uio.no/studier/emner/matnat/ifi/IN4020/v25/timeplan/index.html
could not scan /studier/emner/matnat/ifi/IN4020/index.html: list index out of range
scanning link :https://www.uio.no/studier/emner/matnat/ifi/IN4030/v25/timeplan/index.html
could not scan /studier/emner/matnat/ifi/IN4030/index.html: list index out of range
scanning link :https://www.uio.no/studier/emner/matnat/ifi/IN4050/v25/timeplan/index.html
could not scan /studier/emner/matnat/ifi/IN4050/index.html: Message: stale element reference: stale element not found in the current frame
  (Session info: chrome=131.0.6778.139); For documentation on this error, please visit: https://www.selenium.dev/documentation/webdriver/troubleshooting/errors#stale-element-reference-exception
Stacktrace:
#0 0x58afe089defa <unknown>
#1 0x58afe03c66c0 <unknown>
#2 0x58afe03cc3fa <unknown>
#3 0x58afe03ce8c3 <unknown>
#4 0x58afe03ce973 <unknown>
#5 0x58afe04142b5 <unknown>
#6 0x58afe04148f1 <unknown>
#7 0x58afe0408e36 <unknown>
#8 0x58afe043859d <unknown>
#9 0x58afe0408d28 <unknown>
#10 0x58afe043873e <unknown>
#11 0x58afe0456c4e <unknown>
#12 0x58afe0438313 <unknown>
#13 0x58afe0406fcf <unknown>
#14 0x58afe0407fee <unknown>
#15 0x58afe086c2df <unknown>
#16 0x58afe08703fd <unknown>
#17 0x58afe085a977 <unknown>
#18 0x58afe0870b71 <unknown>
#19 0x58afe084296e <unknown>
#20 0x58afe088cc18 <unknown>
#21 0x58afe088ce1a <unknown>
#22 0x58afe089cb6c <unknown>
#23 0x71f0ec3afac3 <unknown>

scanning link :https://www.uio.no/studier/emner/matnat/ifi/IN4060/v25/timeplan/index.html
could not scan /studier/emner/matnat/ifi/IN4060/index.html: list index out of range
scanning link :https://www.uio.no/studier/emner/matnat/ifi/IN4140/v25/timeplan/index.html
could not scan /studier/emner/matnat/ifi/IN4140/index.html: Message: stale element reference: stale element not found in the current frame
  (Session info: chrome=131.0.6778.139); For documentation on this error, please visit: https://www.selenium.dev/documentation/webdriver/troubleshooting/errors#stale-element-reference-exception
Stacktrace:
#0 0x58afe089defa <unknown>
#1 0x58afe03c66c0 <unknown>
#2 0x58afe03cc3fa <unknown>
#3 0x58afe03ce8c3 <unknown>
#4 0x58afe03ce973 <unknown>
#5 0x58afe04142b5 <unknown>
#6 0x58afe04148f1 <unknown>
#7 0x58afe0408e36 <unknown>
#8 0x58afe043859d <unknown>
#9 0x58afe0408d28 <unknown>
#10 0x58afe043873e <unknown>
#11 0x58afe0456c4e <unknown>
#12 0x58afe0438313 <unknown>
#13 0x58afe0406fcf <unknown>
#14 0x58afe0407fee <unknown>
#15 0x58afe086c2df <unknown>
#16 0x58afe08703fd <unknown>
#17 0x58afe085a977 <unknown>
#18 0x58afe0870b71 <unknown>
#19 0x58afe084296e <unknown>
#20 0x58afe088cc18 <unknown>
#21 0x58afe088ce1a <unknown>
#22 0x58afe089cb6c <unknown>
#23 0x71f0ec3afac3 <unknown>

scanning link :https://www.uio.no/studier/emner/matnat/ifi/IN4160/v25/timeplan/index.html
could not scan /studier/emner/matnat/ifi/IN4160/index.html: list index out of range
scanning link :https://www.uio.no/studier/emner/matnat/ifi/IN4170/v25/timeplan/index.html
could not scan /studier/emner/matnat/ifi/IN4170/index.html: list index out of range
scanning link :https://www.uio.no/studier/emner/matnat/ifi/IN4180/v25/timeplan/index.html
could not scan /studier/emner/matnat/ifi/IN4180/index.html: list index out of range
scanning link :https://www.uio.no/studier/emner/matnat/ifi/IN4200/v25/timeplan/index.html
could not scan /studier/emner/matnat/ifi/IN4200/index.html: list index out of range
scanning link :https://www.uio.no/studier/emner/matnat/ifi/IN4240/v25/timeplan/index.html
could not scan /studier/emner/matnat/ifi/IN4240/index.html: list index out of range
scanning link :https://www.uio.no/studier/emner/matnat/ifi/IN4310/v25/timeplan/index.html
could not scan /studier/emner/matnat/ifi/IN4310/index.html: list index out of range
scanning link :https://www.uio.no/studier/emner/matnat/ifi/IN4330/v25/timeplan/index.html
scanning link :https://www.uio.no/studier/emner/matnat/ifi/IN4380/v25/timeplan/index.html
could not scan /studier/emner/matnat/ifi/IN4380/index.html: list index out of range
scanning link :https://www.uio.no/studier/emner/matnat/ifi/IN5000/v25/timeplan/index.html
could not scan /studier/emner/matnat/ifi/IN5000/index.html: list index out of range
scanning link :https://www.uio.no/studier/emner/matnat/ifi/IN5010/v25/timeplan/index.html
could not scan /studier/emner/matnat/ifi/IN5010/index.html: list index out of range
scanning link :https://www.uio.no/studier/emner/matnat/ifi/IN5030/v25/timeplan/index.html
could not scan /studier/emner/matnat/ifi/IN5030/index.html: list index out of range
scanning link :https://www.uio.no/studier/emner/matnat/ifi/IN5050/v25/timeplan/index.html
could not scan /studier/emner/matnat/ifi/IN5050/index.html: list index out of range
could not scan /studier/emner/matnat/ifi/IN5080/index.html: list index out of range
could not scan /studier/emner/matnat/ifi/IN5090/index.html: list index out of range
scanning link :https://www.uio.no/studier/emner/matnat/ifi/IN5120/v25/timeplan/index.html
scanning link :https://www.uio.no/studier/emner/matnat/ifi/IN5160/v25/timeplan/index.html
could not scan /studier/emner/matnat/ifi/IN5160/index.html: list index out of range
scanning link :https://www.uio.no/studier/emner/matnat/ifi/IN5220/v25/timeplan/index.html
could not scan /studier/emner/matnat/ifi/IN5220/index.html: list index out of range
could not scan /studier/emner/matnat/ifi/IN5250/index.html: 'NoneType' object has no attribute 'a'
scanning link :https://www.uio.no/studier/emner/matnat/ifi/IN5260/v25/timeplan/index.html
could not scan /studier/emner/matnat/ifi/IN5260/index.html: list index out of range
scanning link :https://www.uio.no/studier/emner/matnat/ifi/IN5340/v25/timeplan/index.html
could not scan /studier/emner/matnat/ifi/IN5340/index.html: list index out of range
scanning link :https://www.uio.no/studier/emner/matnat/ifi/IN5380/v25/timeplan/index.html
could not scan /studier/emner/matnat/ifi/IN5380/index.html: list index out of range
scanning link :https://www.uio.no/studier/emner/matnat/ifi/IN5410/v25/timeplan/index.html
could not scan /studier/emner/matnat/ifi/IN5410/index.html: list index out of range
scanning link :https://www.uio.no/studier/emner/matnat/ifi/IN5420/v25/timeplan/index.html
could not scan /studier/emner/matnat/ifi/IN5420/index.html: list index out of range
scanning link :https://www.uio.no/studier/emner/matnat/ifi/IN5431/v25/timeplan/index.html
could not scan /studier/emner/matnat/ifi/IN5431/index.html: list index out of range
could not scan /studier/emner/matnat/ifi/IN5450/index.html: list index out of range
scanning link :https://www.uio.no/studier/emner/matnat/ifi/IN5470/v25/timeplan/index.html
scanning link :https://www.uio.no/studier/emner/matnat/ifi/IN5500/v25/timeplan/index.html
could not scan /studier/emner/matnat/ifi/IN5500/index.html: list index out of range
scanning link :https://www.uio.no/studier/emner/matnat/ifi/IN5550/v25/timeplan/index.html
could not scan /studier/emner/matnat/ifi/IN5550/index.html: list index out of range
scanning link :https://www.uio.no/studier/emner/matnat/ifi/IN5570/v25/timeplan/index.html
could not scan /studier/emner/matnat/ifi/IN5570/index.html: list index out of range
scanning link :https://www.uio.no/studier/emner/matnat/ifi/IN5580/v25/timeplan/index.html
could not scan /studier/emner/matnat/ifi/IN5580/index.html: list index out of range
scanning link :https://www.uio.no/studier/emner/matnat/ifi/IN5600/v25/timeplan/index.html
could not scan /studier/emner/matnat/ifi/IN5600/index.html: list index out of range
scanning link :https://www.uio.no/studier/emner/matnat/ifi/IN5630/v25/timeplan/index.html
could not scan /studier/emner/matnat/ifi/IN5630/index.html: list index out of range
could not scan /studier/emner/matnat/ifi/IN5800/index.html: 'NoneType' object has no attribute 'jsonExport'
scanning link :https://www.uio.no/studier/emner/matnat/ifi/IN9000/v25/timeplan/index.html
could not scan /studier/emner/matnat/ifi/IN9000/index.html: list index out of range
scanning link :https://www.uio.no/studier/emner/matnat/ifi/IN9010/v25/timeplan/index.html
could not scan /studier/emner/matnat/ifi/IN9010/index.html: list index out of range
scanning link :https://www.uio.no/studier/emner/matnat/ifi/IN9030/v25/timeplan/index.html
could not scan /studier/emner/matnat/ifi/IN9030/index.html: list index out of range
scanning link :https://www.uio.no/studier/emner/matnat/ifi/IN9050/v25/timeplan/index.html
could not scan /studier/emner/matnat/ifi/IN9050/index.html: list index out of range
scanning link :https://www.uio.no/studier/emner/matnat/ifi/IN9120/v25/timeplan/index.html
scanning link :https://www.uio.no/studier/emner/matnat/ifi/IN9220/v25/timeplan/index.html
could not scan /studier/emner/matnat/ifi/IN9220/index.html: list index out of range
scanning link :https://www.uio.no/studier/emner/matnat/ifi/IN9260/v25/timeplan/index.html
could not scan /studier/emner/matnat/ifi/IN9260/index.html: list index out of range
scanning link :https://www.uio.no/studier/emner/matnat/ifi/IN9340/v25/timeplan/index.html
could not scan /studier/emner/matnat/ifi/IN9340/index.html: list index out of range
scanning link :https://www.uio.no/studier/emner/matnat/ifi/IN9410/v25/timeplan/index.html
could not scan /studier/emner/matnat/ifi/IN9410/index.html: list index out of range
scanning link :https://www.uio.no/studier/emner/matnat/ifi/IN9420/v25/timeplan/index.html
could not scan /studier/emner/matnat/ifi/IN9420/index.html: list index out of range
scanning link :https://www.uio.no/studier/emner/matnat/ifi/IN9450/v25/timeplan/index.html
could not scan /studier/emner/matnat/ifi/IN9450/index.html: list index out of range
scanning link :https://www.uio.no/studier/emner/matnat/ifi/IN9500/v25/timeplan/index.html
could not scan /studier/emner/matnat/ifi/IN9500/index.html: list index out of range
scanning link :https://www.uio.no/studier/emner/matnat/ifi/IN9550/v25/timeplan/index.html
could not scan /studier/emner/matnat/ifi/IN9550/index.html: list index out of range
scanning link :https://www.uio.no/studier/emner/matnat/ifi/IN9570/v25/timeplan/index.html
could not scan /studier/emner/matnat/ifi/IN9570/index.html: list index out of range
scanning link :https://www.uio.no/studier/emner/matnat/ifi/IN9580/v25/timeplan/index.html
could not scan /studier/emner/matnat/ifi/IN9580/index.html: list index out of range
scanning link :https://www.uio.no/studier/emner/matnat/ifi/IN9600/v25/timeplan/index.html
could not scan /studier/emner/matnat/ifi/IN9600/index.html: list index out of range
scanning link :https://www.uio.no/studier/emner/matnat/ifi/IN9630/v25/timeplan/index.html
could not scan /studier/emner/matnat/ifi/IN9630/index.html: list index out of range
could not scan /studier/emner/matnat/ifi/INEC1810/index.html: 'NoneType' object has no attribute 'a'
scanning link :https://www.uio.no/studier/emner/matnat/ifi/INEC1831/v25/timeplan/index.html
could not scan /studier/emner/matnat/ifi/INEC1831/index.html: list index out of range
scanning link :https://www.uio.no/studier/emner/sv/sv/INTER3090/v25/timeplan/index.html
could not scan /studier/emner/sv/sv/INTER3090/index.html: list index out of range
scanning link :https://www.uio.no/studier/emner/medisin/inthealth/INTHE4012/v25/timeplan/index.html
could not scan /studier/emner/medisin/inthealth/INTHE4012/index.html: list index out of range
scanning link :https://www.uio.no/studier/emner/medisin/inthealth/INTHE4022/v25/timeplan/index.html
could not scan /studier/emner/medisin/inthealth/INTHE4022/index.html: list index out of range
scanning link :https://www.uio.no/studier/emner/medisin/inthealth/INTHE4023/v25/timeplan/index.html
could not scan /studier/emner/medisin/inthealth/INTHE4023/index.html: list index out of range
scanning link :https://www.uio.no/studier/emner/medisin/inthealth/INTHE4113/v25/timeplan/index.html
could not scan /studier/emner/medisin/inthealth/INTHE4113/index.html: list index out of range
scanning link :https://www.uio.no/studier/emner/medisin/inthealth/INTHE4114/v25/timeplan/index.html
could not scan /studier/emner/medisin/inthealth/INTHE4114/index.html: list index out of range
scanning link :https://www.uio.no/studier/emner/medisin/inthealth/INTHE4117/v25/timeplan/index.html
could not scan /studier/emner/medisin/inthealth/INTHE4117/index.html: list index out of range
could not scan /studier/emner/medisin/inthealth/INTHE4118/index.html: 'NoneType' object has no attribute 'a'
scanning link :https://www.uio.no/studier/emner/medisin/inthealth/INTHE4121/v25/timeplan/index.html
could not scan /studier/emner/medisin/inthealth/INTHE4121/index.html: list index out of range
could not scan /studier/emner/medisin/inthealth/INTHE4122/index.html: 'NoneType' object has no attribute 'a'
scanning link :https://www.uio.no/studier/emner/hf/iln/IRSK1300/v25/timeplan/index.html
could not scan /studier/emner/hf/iln/IRSK1300/index.html: list index out of range
scanning link :https://www.uio.no/studier/emner/hf/iln/IRSK2501/v25/timeplan/index.html
could not scan /studier/emner/hf/iln/IRSK2501/index.html: list index out of range
could not scan /studier/emner/hf/iln/IRSK4080/index.html: 'NoneType' object has no attribute 'a'
could not scan /studier/emner/hf/iln/IRSK4180/index.html: 'NoneType' object has no attribute 'a'
scanning link :https://www.uio.no/studier/emner/hf/iln/ISL2200/v25/timeplan/index.html
could not scan /studier/emner/hf/iln/ISL2200/index.html: list index out of range
scanning link :https://www.uio.no/studier/emner/iss/nora-sommerskolen/ISSMF4220/v25/timeplan/index.html
could not scan /studier/emner/iss/nora-sommerskolen/ISSMF4220/index.html: list index out of range
scanning link :https://www.uio.no/studier/emner/hf/ilos/ITA1101/v25/timeplan/index.html
could not scan /studier/emner/hf/ilos/ITA1101/index.html: list index out of range
scanning link :https://www.uio.no/studier/emner/hf/ilos/ITA1400/v25/timeplan/index.html
could not scan /studier/emner/hf/ilos/ITA1400/index.html: list index out of range
scanning link :https://www.uio.no/studier/emner/hf/ilos/ITA2103/v25/timeplan/index.html
could not scan /studier/emner/hf/ilos/ITA2103/index.html: list index out of range
scanning link :https://www.uio.no/studier/emner/hf/ilos/ITA2500R/v25/timeplan/index.html
could not scan /studier/emner/hf/ilos/ITA2501/index.html: 'NoneType' object has no attribute 'a'
scanning link :https://www.uio.no/studier/emner/hf/ilos/ITA2510R/v25/timeplan/index.html
could not scan /studier/emner/hf/ilos/ITA4090/index.html: 'NoneType' object has no attribute 'a'
scanning link :https://www.uio.no/studier/emner/hf/ilos/ITA4105/v25/timeplan/index.html
could not scan /studier/emner/hf/ilos/ITA4105/index.html: list index out of range
scanning link :https://www.uio.no/studier/emner/hf/ilos/ITA4500R/v25/timeplan/index.html
could not scan /studier/emner/matnat/ifi/ITEVU4010/index.html: 'NoneType' object has no attribute 'a'
could not scan /studier/emner/matnat/ifi/ITEVU4030/index.html: 'NoneType' object has no attribute 'a'
could not scan /studier/emner/matnat/ifi/ITEVU4040/index.html: 'NoneType' object has no attribute 'a'
could not scan /studier/emner/matnat/ifi/ITEVU4340/index.html: 'NoneType' object has no attribute 'a'
could not scan /studier/emner/matnat/ifi/ITEVU4350/index.html: 'NoneType' object has no attribute 'a'
could not scan /studier/emner/matnat/ifi/ITEVU4410/index.html: 'NoneType' object has no attribute 'a'
could not scan /studier/emner/matnat/ifi/ITLED4390/index.html: 'NoneType' object has no attribute 'a'
could not scan /studier/emner/matnat/ifi/ITLED5930/index.html: 'NoneType' object has no attribute 'a'
scanning link :https://www.uio.no/studier/emner/hf/ikos/JAP1020/v25/timeplan/index.html
could not scan /studier/emner/hf/ikos/JAP1020/index.html: list index out of range
scanning link :https://www.uio.no/studier/emner/hf/ikos/JAP2020/v25/timeplan/index.html
could not scan /studier/emner/hf/ikos/JAP2020/index.html: list index out of range
scanning link :https://www.uio.no/studier/emner/hf/ikos/JAP2502/v25/timeplan/index.html
could not scan /studier/emner/hf/ikos/JAP2502/index.html: list index out of range
scanning link :https://www.uio.no/studier/emner/hf/ikos/JAP2506/v25/timeplan/index.html
could not scan /studier/emner/hf/ikos/JAP2506/index.html: list index out of range
scanning link :https://www.uio.no/studier/emner/hf/ikos/JAP3000/v25/timeplan/index.html
could not scan /studier/emner/hf/ikos/JAP3000/index.html: list index out of range
could not scan /studier/emner/hf/ikos/JAP3110/index.html: 'NoneType' object has no attribute 'a'
could not scan /studier/emner/hf/ikos/JAP3120/index.html: 'NoneType' object has no attribute 'a'
scanning link :https://www.uio.no/studier/emner/hf/ikos/JAP4110/v25/timeplan/index.html
could not scan /studier/emner/hf/ikos/JAP4110/index.html: list index out of range
scanning link :https://www.uio.no/studier/emner/hf/ikos/JAP4530/v25/timeplan/index.html
could not scan /studier/emner/hf/ikos/JAP4530/index.html: list index out of range
could not scan /studier/emner/hf/ikos/JAP4595/index.html: 'NoneType' object has no attribute 'a'
scanning link :https://www.uio.no/studier/emner/hf/ikos/JAP4610/v25/timeplan/index.html
could not scan /studier/emner/hf/ikos/JAP4610/index.html: list index out of range
could not scan /studier/emner/hf/ikos/JAP4691/index.html: 'NoneType' object has no attribute 'a'
could not scan /studier/emner/hf/ikos/JAP4693/index.html: 'NoneType' object has no attribute 'a'
scanning link :https://www.uio.no/studier/emner/jus/jus/JFEXFAC04/v25/timeplan/index.html
could not scan /studier/emner/jus/jus/JFEXFAC04/index.html: list index out of range
scanning link :https://www.uio.no/studier/emner/jus/jus/JFVU1300/v25/timeplan/index.html
could not scan /studier/emner/jus/jus/JFVU1300/index.html: list index out of range
could not scan /studier/emner/hf/imk/JOUR4690/index.html: 'NoneType' object has no attribute 'a'
scanning link :https://www.uio.no/studier/emner/jus/jus/JUR1120/v25/timeplan/index.html
could not scan /studier/emner/jus/jus/JUR1120/index.html: list index out of range
scanning link :https://www.uio.no/studier/emner/jus/jus/JUR1130/v25/timeplan/index.html
could not scan /studier/emner/jus/jus/JUR1130/index.html: list index out of range
scanning link :https://www.uio.no/studier/emner/jus/jus/JUR1220/v25/timeplan/index.html
could not scan /studier/emner/jus/jus/JUR1220/index.html: list index out of range
scanning link :https://www.uio.no/studier/emner/jus/jus/JUR1230/v25/timeplan/index.html
could not scan /studier/emner/jus/jus/JUR1230/index.html: list index out of range
scanning link :https://www.uio.no/studier/emner/jus/jus/JUR1412/v25/timeplan/index.html
could not scan /studier/emner/jus/jus/JUR1412/index.html: list index out of range
scanning link :https://www.uio.no/studier/emner/jus/jus/JUR1435/v25/timeplan/index.html
could not scan /studier/emner/jus/jus/JUR1435/index.html: list index out of range
scanning link :https://www.uio.no/studier/emner/jus/jus/JUR1441/v25/timeplan/index.html
could not scan /studier/emner/jus/jus/JUR1441/index.html: list index out of range
scanning link :https://www.uio.no/studier/emner/jus/jus/JUR1504/v25/timeplan/index.html
could not scan /studier/emner/jus/jus/JUR1504/index.html: list index out of range
scanning link :https://www.uio.no/studier/emner/jus/jus/JUR1512/v25/timeplan/index.html
could not scan /studier/emner/jus/jus/JUR1512/index.html: list index out of range
scanning link :https://www.uio.no/studier/emner/jus/jus/JUR1528/v25/timeplan/index.html
could not scan /studier/emner/jus/jus/JUR1528/index.html: list index out of range
scanning link :https://www.uio.no/studier/emner/jus/jus/JUR1530/v25/timeplan/index.html
could not scan /studier/emner/jus/jus/JUR1530/index.html: list index out of range
scanning link :https://www.uio.no/studier/emner/jus/jus/JUR1565/v25/timeplan/index.html
could not scan /studier/emner/jus/jus/JUR1565/index.html: list index out of range
scanning link :https://www.uio.no/studier/emner/jus/jus/JUR1671/v25/timeplan/index.html
could not scan /studier/emner/jus/jus/JUR1671/index.html: list index out of range
scanning link :https://www.uio.no/studier/emner/jus/jus/JUR1820/v25/timeplan/index.html
could not scan /studier/emner/jus/jus/JUR1820/index.html: list index out of range
scanning link :https://www.uio.no/studier/emner/jus/jus/JUR1910/v25/timeplan/index.html
could not scan /studier/emner/jus/jus/JUR1910/index.html: list index out of range
scanning link :https://www.uio.no/studier/emner/jus/jus/JUR1932/v25/timeplan/index.html
could not scan /studier/emner/jus/jus/JUR1932/index.html: list index out of range
scanning link :https://www.uio.no/studier/emner/jus/jus/JUR1960/v25/timeplan/index.html
could not scan /studier/emner/jus/jus/JUR1960/index.html: list index out of range
scanning link :https://www.uio.no/studier/emner/jus/jus/JUR1970/v25/timeplan/index.html
could not scan /studier/emner/jus/jus/JUR1970/index.html: list index out of range
scanning link :https://www.uio.no/studier/emner/jus/jus/JUR1981/v25/timeplan/index.html
could not scan /studier/emner/jus/jus/JUR1981/index.html: list index out of range
scanning link :https://www.uio.no/studier/emner/jus/jus/JUR5030/v25/timeplan/index.html
scanning link :https://www.uio.no/studier/emner/jus/jus/JUR5060/v25/timeplan/index.html
could not scan /studier/emner/jus/jus/JUR5060/index.html: list index out of range
scanning link :https://www.uio.no/studier/emner/jus/jus/JUR9010/v25/timeplan/index.html
scanning link :https://www.uio.no/studier/emner/jus/jus/JUR9021/v25/timeplan/index.html
could not scan /studier/emner/jus/jus/JUR9021/index.html: list index out of range
could not scan /studier/emner/jus/jus/JUR9302/index.html: 'NoneType' object has no attribute 'a'
could not scan /studier/emner/jus/jus/JUR9503/index.html: 'NoneType' object has no attribute 'a'
scanning link :https://www.uio.no/studier/emner/jus/jus/JUROFF1201/v25/timeplan/index.html
could not scan /studier/emner/jus/jus/JUROFF1201/index.html: list index out of range
scanning link :https://www.uio.no/studier/emner/jus/jus/JUROFF1410/v25/timeplan/index.html
could not scan /studier/emner/jus/jus/JUROFF1410/index.html: list index out of range
scanning link :https://www.uio.no/studier/emner/jus/jus/JUS1111/v25/timeplan/index.html
scanning link :https://www.uio.no/studier/emner/jus/jus/JUS1211/v25/timeplan/index.html
could not scan /studier/emner/jus/jus/JUS1211/index.html: list index out of range
scanning link :https://www.uio.no/studier/emner/jus/jus/JUS2111/v25/timeplan/index.html
could not scan /studier/emner/jus/jus/JUS2111/index.html: list index out of range
scanning link :https://www.uio.no/studier/emner/jus/jus/JUS2211/v25/timeplan/index.html
could not scan /studier/emner/jus/jus/JUS2211/index.html: list index out of range
scanning link :https://www.uio.no/studier/emner/jus/jus/JUS3112/v25/timeplan/index.html
scanning link :https://www.uio.no/studier/emner/jus/jus/JUS3213/v25/timeplan/index.html
could not scan /studier/emner/jus/jus/JUS3213/index.html: list index out of range
scanning link :https://www.uio.no/studier/emner/jus/jus/JUS3220/v25/timeplan/index.html
scanning link :https://www.uio.no/studier/emner/jus/jus/JUS4111/v25/timeplan/index.html
scanning link :https://www.uio.no/studier/emner/jus/jus/JUS4121/v25/timeplan/index.html
could not scan /studier/emner/jus/jus/JUS4121/index.html: list index out of range
scanning link :https://www.uio.no/studier/emner/jus/jus/JUS4122/v25/timeplan/index.html
could not scan /studier/emner/jus/jus/JUS4122/index.html: list index out of range
scanning link :https://www.uio.no/studier/emner/jus/jus/JUS4123/v25/timeplan/index.html
could not scan /studier/emner/jus/jus/JUS4123/index.html: list index out of range
scanning link :https://www.uio.no/studier/emner/jus/jus/JUS4212/v25/timeplan/index.html
could not scan /studier/emner/jus/jus/JUS4212/index.html: list index out of range
scanning link :https://www.uio.no/studier/emner/jus/jus/JUS4213/v25/timeplan/index.html
scanning link :https://www.uio.no/studier/emner/jus/jus/JUS5010/v25/timeplan/index.html
could not scan /studier/emner/jus/jus/JUS5010/index.html: list index out of range
could not scan /studier/emner/jus/jus/JUS5011/index.html: 'NoneType' object has no attribute 'a'
could not scan /studier/emner/jus/jus/JUS5012/index.html: 'NoneType' object has no attribute 'a'
could not scan /studier/emner/jus/jus/JUS5020/index.html: 'NoneType' object has no attribute 'a'
scanning link :https://www.uio.no/studier/emner/jus/jus/JUS5043/v25/timeplan/index.html
could not scan /studier/emner/jus/jus/JUS5043/index.html: list index out of range
scanning link :https://www.uio.no/studier/emner/jus/jus/JUS5120/v25/timeplan/index.html
could not scan /studier/emner/jus/jus/JUS5120/index.html: list index out of range
scanning link :https://www.uio.no/studier/emner/jus/jus/JUS5130/v25/timeplan/index.html
could not scan /studier/emner/jus/jus/JUS5130/index.html: list index out of range
scanning link :https://www.uio.no/studier/emner/jus/jus/JUS5220/v25/timeplan/index.html
could not scan /studier/emner/jus/jus/JUS5220/index.html: list index out of range
scanning link :https://www.uio.no/studier/emner/jus/jus/JUS5230/v25/timeplan/index.html
could not scan /studier/emner/jus/jus/JUS5230/index.html: list index out of range
scanning link :https://www.uio.no/studier/emner/jus/jus/JUS5320/v25/timeplan/index.html
could not scan /studier/emner/jus/jus/JUS5320/index.html: list index out of range
scanning link :https://www.uio.no/studier/emner/jus/jus/JUS5412/v25/timeplan/index.html
could not scan /studier/emner/jus/jus/JUS5412/index.html: list index out of range
scanning link :https://www.uio.no/studier/emner/jus/jus/JUS5420/v25/timeplan/index.html
could not scan /studier/emner/jus/jus/JUS5420/index.html: list index out of range
scanning link :https://www.uio.no/studier/emner/jus/jus/JUS5425/v25/timeplan/index.html
could not scan /studier/emner/jus/jus/JUS5425/index.html: list index out of range
scanning link :https://www.uio.no/studier/emner/jus/jus/JUS5435/v25/timeplan/index.html
could not scan /studier/emner/jus/jus/JUS5435/index.html: list index out of range
scanning link :https://www.uio.no/studier/emner/jus/jus/JUS5441/v25/timeplan/index.html
could not scan /studier/emner/jus/jus/JUS5441/index.html: list index out of range
could not scan /studier/emner/jus/jus/JUS5502/index.html: 'NoneType' object has no attribute 'a'
scanning link :https://www.uio.no/studier/emner/jus/jus/JUS5504/v25/timeplan/index.html
could not scan /studier/emner/jus/jus/JUS5504/index.html: list index out of range
scanning link :https://www.uio.no/studier/emner/jus/jus/JUS5506/v25/timeplan/index.html
could not scan /studier/emner/jus/jus/JUS5506/index.html: list index out of range
scanning link :https://www.uio.no/studier/emner/jus/jus/JUS5512/v25/timeplan/index.html
could not scan /studier/emner/jus/jus/JUS5512/index.html: list index out of range
scanning link :https://www.uio.no/studier/emner/jus/jus/JUS5528/v25/timeplan/index.html
could not scan /studier/emner/jus/jus/JUS5528/index.html: list index out of range
scanning link :https://www.uio.no/studier/emner/jus/jus/JUS5530/v25/timeplan/index.html
could not scan /studier/emner/jus/jus/JUS5530/index.html: list index out of range
scanning link :https://www.uio.no/studier/emner/jus/jus/JUS5565/v25/timeplan/index.html
could not scan /studier/emner/jus/jus/JUS5565/index.html: list index out of range
scanning link :https://www.uio.no/studier/emner/jus/jus/JUS5570/v25/timeplan/index.html
could not scan /studier/emner/jus/jus/JUS5570/index.html: list index out of range
scanning link :https://www.uio.no/studier/emner/jus/jus/JUS5645/v25/timeplan/index.html
could not scan /studier/emner/jus/jus/JUS5645/index.html: list index out of range
scanning link :https://www.uio.no/studier/emner/jus/jus/JUS5645N/v25/timeplan/index.html
could not scan /studier/emner/jus/jus/JUS5645N/index.html: list index out of range
scanning link :https://www.uio.no/studier/emner/jus/jus/JUS5650/v25/timeplan/index.html
could not scan /studier/emner/jus/jus/JUS5650/index.html: list index out of range
scanning link :https://www.uio.no/studier/emner/jus/jus/JUS5671/v25/timeplan/index.html
could not scan /studier/emner/jus/jus/JUS5671/index.html: list index out of range
scanning link :https://www.uio.no/studier/emner/jus/jus/JUS5690/v25/timeplan/index.html
could not scan /studier/emner/jus/jus/JUS5690/index.html: list index out of range
scanning link :https://www.uio.no/studier/emner/jus/jus/JUS5815/v25/timeplan/index.html
could not scan /studier/emner/jus/jus/JUS5815/index.html: list index out of range
scanning link :https://www.uio.no/studier/emner/jus/jus/JUS5818/v25/timeplan/index.html
could not scan /studier/emner/jus/jus/JUS5818/index.html: list index out of range
scanning link :https://www.uio.no/studier/emner/jus/jus/JUS5820/v25/timeplan/index.html
could not scan /studier/emner/jus/jus/JUS5820/index.html: list index out of range
scanning link :https://www.uio.no/studier/emner/jus/jus/JUS5851/v25/timeplan/index.html
could not scan /studier/emner/jus/jus/JUS5851/index.html: list index out of range
scanning link :https://www.uio.no/studier/emner/jus/jus/JUS5910/v25/timeplan/index.html
scanning link :https://www.uio.no/studier/emner/jus/jus/JUS5911/v25/timeplan/index.html
could not scan /studier/emner/jus/jus/JUS5911/index.html: list index out of range
scanning link :https://www.uio.no/studier/emner/jus/jus/JUS5932/v25/timeplan/index.html
could not scan /studier/emner/jus/jus/JUS5932/index.html: list index out of range
scanning link :https://www.uio.no/studier/emner/jus/jus/JUS5960/v25/timeplan/index.html
could not scan /studier/emner/jus/jus/JUS5960/index.html: list index out of range
scanning link :https://www.uio.no/studier/emner/jus/jus/JUS5970/v25/timeplan/index.html
could not scan /studier/emner/jus/jus/JUS5970/index.html: list index out of range
scanning link :https://www.uio.no/studier/emner/jus/jus/JUS5981/v25/timeplan/index.html
could not scan /studier/emner/jus/jus/JUS5981/index.html: list index out of range
scanning link :https://www.uio.no/studier/emner/annet/skk/KFL1020/v25/timeplan/index.html
could not scan /studier/emner/annet/skk/KFL1020/index.html: list index out of range
scanning link :https://www.uio.no/studier/emner/annet/skk/KFL2010/v25/timeplan/index.html
could not scan /studier/emner/annet/skk/KFL2010/index.html: list index out of range
scanning link :https://www.uio.no/studier/emner/annet/skk/KFL2020/v25/timeplan/index.html
could not scan /studier/emner/annet/skk/KFL2020/index.html: list index out of range
scanning link :https://www.uio.no/studier/emner/annet/skk/KFL2033/v25/timeplan/index.html
could not scan /studier/emner/annet/skk/KFL2033/index.html: list index out of range
could not scan /studier/emner/annet/skk/KFL2041/index.html: 'NoneType' object has no attribute 'a'
could not scan /studier/emner/annet/skk/KFL2042/index.html: 'NoneType' object has no attribute 'a'
scanning link :https://www.uio.no/studier/emner/hf/hf/KFL2055/v25/timeplan/index.html
scanning link :https://www.uio.no/studier/emner/annet/skk/KFL2060/v25/timeplan/index.html
could not scan /studier/emner/annet/skk/KFL2060/index.html: list index out of range
scanning link :https://www.uio.no/studier/emner/annet/skk/KFL2080/v25/timeplan/index.html
could not scan /studier/emner/annet/skk/KFL2080/index.html: list index out of range
scanning link :https://www.uio.no/studier/emner/hf/hf/KFL2222/v25/timeplan/index.html
could not scan /studier/emner/hf/hf/KFL2222/index.html: list index out of range
scanning link :https://www.uio.no/studier/emner/annet/skk/KFL3910/v25/timeplan/index.html
scanning link :https://www.uio.no/studier/emner/annet/skk/KFL4000/v25/timeplan/index.html
could not scan /studier/emner/annet/skk/KFL4000/index.html: list index out of range
scanning link :https://www.uio.no/studier/emner/annet/skk/KFL4010/v25/timeplan/index.html
could not scan /studier/emner/annet/skk/KFL4010/index.html: list index out of range
scanning link :https://www.uio.no/studier/emner/annet/skk/KFL4020/v25/timeplan/index.html
could not scan /studier/emner/annet/skk/KFL4020/index.html: list index out of range
scanning link :https://www.uio.no/studier/emner/annet/skk/KFL4033/v25/timeplan/index.html
could not scan /studier/emner/annet/skk/KFL4033/index.html: list index out of range
scanning link :https://www.uio.no/studier/emner/annet/skk/KFL4060/v25/timeplan/index.html
could not scan /studier/emner/annet/skk/KFL4060/index.html: list index out of range
scanning link :https://www.uio.no/studier/emner/annet/skk/KFL4070/v25/timeplan/index.html
could not scan /studier/emner/annet/skk/KFL4070/index.html: list index out of range
scanning link :https://www.uio.no/studier/emner/annet/skk/KFL4080/v25/timeplan/index.html
could not scan /studier/emner/annet/skk/KFL4080/index.html: list index out of range
could not scan /studier/emner/annet/skk/KFL4090/index.html: 'NoneType' object has no attribute 'a'
scanning link :https://www.uio.no/studier/emner/hf/hf/KFL4222/v25/timeplan/index.html
could not scan /studier/emner/hf/hf/KFL4222/index.html: list index out of range
scanning link :https://www.uio.no/studier/emner/hf/hf/KFL4555/v25/timeplan/index.html
could not scan /studier/emner/annet/skk/KFL4910/index.html: 'NoneType' object has no attribute 'a'
scanning link :https://www.uio.no/studier/emner/hf/ikos/KIN1020/v25/timeplan/index.html
could not scan /studier/emner/hf/ikos/KIN1020/index.html: list index out of range
scanning link :https://www.uio.no/studier/emner/hf/ikos/KIN2300/v25/timeplan/index.html
could not scan /studier/emner/hf/ikos/KIN2300/index.html: list index out of range
scanning link :https://www.uio.no/studier/emner/hf/ikos/KIN2500/v25/timeplan/index.html
could not scan /studier/emner/hf/ikos/KIN2500/index.html: list index out of range
scanning link :https://www.uio.no/studier/emner/hf/ikos/KIN3000/v25/timeplan/index.html
could not scan /studier/emner/hf/ikos/KIN3000/index.html: list index out of range
scanning link :https://www.uio.no/studier/emner/hf/ikos/KIN3020/v25/timeplan/index.html
could not scan /studier/emner/hf/ikos/KIN3020/index.html: list index out of range
could not scan /studier/emner/hf/ikos/KIN3110/index.html: 'NoneType' object has no attribute 'a'
scanning link :https://www.uio.no/studier/emner/hf/ikos/KIN3120/v25/timeplan/index.html
scanning link :https://www.uio.no/studier/emner/hf/ikos/KIN4340/v25/timeplan/index.html
could not scan /studier/emner/hf/ikos/KIN4340/index.html: list index out of range
scanning link :https://www.uio.no/studier/emner/hf/ikos/KIN4350/v25/timeplan/index.html
could not scan /studier/emner/hf/ikos/KIN4350/index.html: list index out of range
scanning link :https://www.uio.no/studier/emner/hf/ikos/KIN4520/v25/timeplan/index.html
could not scan /studier/emner/hf/ikos/KIN4520/index.html: list index out of range
scanning link :https://www.uio.no/studier/emner/hf/ikos/KIN4595/v25/timeplan/index.html
scanning link :https://www.uio.no/studier/emner/matnat/kjemi/KJM-MENA5110/v25/timeplan/index.html
could not scan /studier/emner/matnat/kjemi/KJM-MENA5110/index.html: list index out of range
scanning link :https://www.uio.no/studier/emner/matnat/kjemi/KJM-MENA5555/v25/timeplan/index.html
could not scan /studier/emner/matnat/kjemi/KJM-MENA5555/index.html: list index out of range
scanning link :https://www.uio.no/studier/emner/matnat/kjemi/KJM-MENA9110/v25/timeplan/index.html
scanning link :https://www.uio.no/studier/emner/matnat/kjemi/KJM-MENA9555/v25/timeplan/index.html
could not scan /studier/emner/matnat/kjemi/KJM-MENA9555/index.html: list index out of range
scanning link :https://www.uio.no/studier/emner/matnat/kjemi/KJM1111/v25/timeplan/index.html
could not scan /studier/emner/matnat/kjemi/KJM1111/index.html: list index out of range
scanning link :https://www.uio.no/studier/emner/matnat/kjemi/KJM1121/v25/timeplan/index.html
could not scan /studier/emner/matnat/kjemi/KJM1121/index.html: list index out of range
scanning link :https://www.uio.no/studier/emner/matnat/kjemi/KJM1140/v25/timeplan/index.html
could not scan /studier/emner/matnat/kjemi/KJM1140/index.html: list index out of range
scanning link :https://www.uio.no/studier/emner/matnat/kjemi/KJM1700/v25/timeplan/index.html
could not scan /studier/emner/matnat/kjemi/KJM1700/index.html: list index out of range
scanning link :https://www.uio.no/studier/emner/matnat/kjemi/KJM2500/v25/timeplan/index.html
could not scan /studier/emner/matnat/kjemi/KJM2500/index.html: Message: stale element reference: stale element not found in the current frame
  (Session info: chrome=131.0.6778.139); For documentation on this error, please visit: https://www.selenium.dev/documentation/webdriver/troubleshooting/errors#stale-element-reference-exception
Stacktrace:
#0 0x58afe089defa <unknown>
#1 0x58afe03c66c0 <unknown>
#2 0x58afe03cc3fa <unknown>
#3 0x58afe03ce8c3 <unknown>
#4 0x58afe03ce973 <unknown>
#5 0x58afe040ede2 <unknown>
#6 0x58afe0438572 <unknown>
#7 0x58afe0408d28 <unknown>
#8 0x58afe043873e <unknown>
#9 0x58afe0456c4e <unknown>
#10 0x58afe0438313 <unknown>
#11 0x58afe0406fcf <unknown>
#12 0x58afe0407fee <unknown>
#13 0x58afe086c2df <unknown>
#14 0x58afe08703fd <unknown>
#15 0x58afe085a977 <unknown>
#16 0x58afe0870b71 <unknown>
#17 0x58afe084296e <unknown>
#18 0x58afe088cc18 <unknown>
#19 0x58afe088ce1a <unknown>
#20 0x58afe089cb6c <unknown>
#21 0x71f0ec3afac3 <unknown>

could not scan /studier/emner/matnat/kjemi/KJM3010/index.html: 'NoneType' object has no attribute 'a'
could not scan /studier/emner/matnat/kjemi/KJM3020/index.html: 'NoneType' object has no attribute 'a'
could not scan /studier/emner/matnat/kjemi/KJM3030/index.html: 'NoneType' object has no attribute 'a'
scanning link :https://www.uio.no/studier/emner/matnat/kjemi/KJM3050/v25/timeplan/index.html
could not scan /studier/emner/matnat/kjemi/KJM3050/index.html: list index out of range
scanning link :https://www.uio.no/studier/emner/matnat/kjemi/KJM3110/v25/timeplan/index.html
could not scan /studier/emner/matnat/kjemi/KJM3110/index.html: list index out of range
scanning link :https://www.uio.no/studier/emner/matnat/kjemi/KJM3310/v25/timeplan/index.html
could not scan /studier/emner/matnat/kjemi/KJM3310/index.html: list index out of range
scanning link :https://www.uio.no/studier/emner/matnat/kjemi/KJM3400/v25/timeplan/index.html
could not scan /studier/emner/matnat/kjemi/KJM3400/index.html: list index out of range
scanning link :https://www.uio.no/studier/emner/matnat/kjemi/KJM4050/v25/timeplan/index.html
scanning link :https://www.uio.no/studier/emner/matnat/kjemi/KJM4310/v25/timeplan/index.html
scanning link :https://www.uio.no/studier/emner/matnat/kjemi/KJM4350/v25/timeplan/index.html
could not scan /studier/emner/matnat/kjemi/KJM4350/index.html: list index out of range
scanning link :https://www.uio.no/studier/emner/matnat/kjemi/KJM5120/v25/timeplan/index.html
could not scan /studier/emner/matnat/kjemi/KJM5120/index.html: list index out of range
scanning link :https://www.uio.no/studier/emner/matnat/kjemi/KJM5240/v25/timeplan/index.html
could not scan /studier/emner/matnat/kjemi/KJM5240/index.html: list index out of range
could not scan /studier/emner/matnat/kjemi/KJM5250/index.html: 'NoneType' object has no attribute 'a'
could not scan /studier/emner/matnat/kjemi/KJM5320/index.html: 'NoneType' object has no attribute 'a'
scanning link :https://www.uio.no/studier/emner/matnat/kjemi/KJM5500/v25/timeplan/index.html
could not scan /studier/emner/matnat/kjemi/KJM5500/index.html: list index out of range
scanning link :https://www.uio.no/studier/emner/matnat/kjemi/KJM5600/v25/timeplan/index.html
could not scan /studier/emner/matnat/kjemi/KJM5600/index.html: list index out of range
could not scan /studier/emner/matnat/kjemi/KJM5810/index.html: 'NoneType' object has no attribute 'a'
scanning link :https://www.uio.no/studier/emner/matnat/kjemi/KJM5903/v25/timeplan/index.html
could not scan /studier/emner/matnat/kjemi/KJM5903/index.html: list index out of range
could not scan /studier/emner/matnat/kjemi/KJM5930L/index.html: 'NoneType' object has no attribute 'a'
could not scan /studier/emner/matnat/kjemi/KJM5960/index.html: 'NoneType' object has no attribute 'a'
scanning link :https://www.uio.no/studier/emner/matnat/kjemi/KJM9120/v25/timeplan/index.html
scanning link :https://www.uio.no/studier/emner/matnat/kjemi/KJM9240/v25/timeplan/index.html
could not scan /studier/emner/matnat/kjemi/KJM9250/index.html: 'NoneType' object has no attribute 'a'
could not scan /studier/emner/matnat/kjemi/KJM9320/index.html: 'NoneType' object has no attribute 'a'
could not scan /studier/emner/matnat/kjemi/KJM9350/index.html: 'NoneType' object has no attribute 'a'
scanning link :https://www.uio.no/studier/emner/matnat/kjemi/KJM9500/v25/timeplan/index.html
could not scan /studier/emner/matnat/kjemi/KJM9600/index.html: 'NoneType' object has no attribute 'a'
could not scan /studier/emner/matnat/kjemi/KJM9810/index.html: 'NoneType' object has no attribute 'a'
scanning link :https://www.uio.no/studier/emner/matnat/kjemi/KJM9903/v25/timeplan/index.html
could not scan /studier/emner/matnat/kjemi/KJM9903/index.html: list index out of range
scanning link :https://www.uio.no/studier/emner/hf/iln/KLAR2100/v25/timeplan/index.html
could not scan /studier/emner/hf/iln/KLAR2100/index.html: list index out of range
scanning link :https://www.uio.no/studier/emner/hf/iln/KLAR3050/v25/timeplan/index.html
could not scan /studier/emner/hf/iln/KLAR3050/index.html: list index out of range
scanning link :https://www.uio.no/studier/emner/hf/iln/KLAR3051/v25/timeplan/index.html
could not scan /studier/emner/hf/iln/KLAR3051/index.html: list index out of range
scanning link :https://www.uio.no/studier/emner/hf/iln/KLAR3090/v25/timeplan/index.html
could not scan /studier/emner/hf/iln/KLAR3090/index.html: list index out of range
scanning link :https://www.uio.no/studier/emner/hf/iakh/KONS1005/v25/timeplan/index.html
could not scan /studier/emner/hf/iakh/KONS1005/index.html: list index out of range
scanning link :https://www.uio.no/studier/emner/hf/iakh/KONS2010/v25/timeplan/index.html
could not scan /studier/emner/hf/iakh/KONS2010/index.html: list index out of range
scanning link :https://www.uio.no/studier/emner/hf/iakh/KONS2060/v25/timeplan/index.html
could not scan /studier/emner/hf/iakh/KONS2060/index.html: list index out of range
could not scan /studier/emner/hf/iakh/KONS3021/index.html: 'NoneType' object has no attribute 'a'
could not scan /studier/emner/hf/iakh/KONS3040/index.html: 'NoneType' object has no attribute 'a'
could not scan /studier/emner/hf/iakh/KONS3061/index.html: 'NoneType' object has no attribute 'a'
could not scan /studier/emner/hf/iakh/KONS4037/index.html: 'NoneType' object has no attribute 'a'
could not scan /studier/emner/hf/iakh/KONS4039/index.html: 'NoneType' object has no attribute 'a'
could not scan /studier/emner/hf/iakh/KONS4042/index.html: 'NoneType' object has no attribute 'a'
could not scan /studier/emner/hf/iakh/KONS4046/index.html: 'NoneType' object has no attribute 'a'
could not scan /studier/emner/hf/iakh/KONS4061/index.html: 'NoneType' object has no attribute 'a'
could not scan /studier/emner/hf/iakh/KONS4081/index.html: 'NoneType' object has no attribute 'a'
scanning link :https://www.uio.no/studier/emner/hf/ikos/KOR1506/v25/timeplan/index.html
could not scan /studier/emner/hf/ikos/KOR1506/index.html: list index out of range
could not scan /studier/emner/hf/ikos/KOS4020/index.html: 'NoneType' object has no attribute 'a'
could not scan /studier/emner/hf/ikos/KOS4030/index.html: 'NoneType' object has no attribute 'a'
scanning link :https://www.uio.no/studier/emner/hf/ikos/KOS4050/v25/timeplan/index.html
could not scan /studier/emner/hf/ikos/KOS4050/index.html: list index out of range
scanning link :https://www.uio.no/studier/emner/hf/ikos/KOS4070/v25/timeplan/index.html
could not scan /studier/emner/hf/ikos/KOS4070/index.html: list index out of range
could not scan /studier/emner/hf/ikos/KOS4900/index.html: 'NoneType' object has no attribute 'a'
could not scan /studier/emner/hf/ikos/KOS4901/index.html: 'NoneType' object has no attribute 'a'
scanning link :https://www.uio.no/studier/emner/jus/ikrs/KRIM1300/v25/timeplan/index.html
could not scan /studier/emner/jus/ikrs/KRIM1300/index.html: list index out of range
scanning link :https://www.uio.no/studier/emner/jus/ikrs/KRIM2000/v25/timeplan/index.html
could not scan /studier/emner/jus/ikrs/KRIM2000/index.html: list index out of range
scanning link :https://www.uio.no/studier/emner/jus/ikrs/KRIM2101/v25/timeplan/index.html
could not scan /studier/emner/jus/ikrs/KRIM2101/index.html: list index out of range
scanning link :https://www.uio.no/studier/emner/jus/ikrs/KRIM2953/v25/timeplan/index.html
could not scan /studier/emner/jus/ikrs/KRIM2953/index.html: list index out of range
scanning link :https://www.uio.no/studier/emner/jus/ikrs/KRIM2960/v25/timeplan/index.html
could not scan /studier/emner/jus/ikrs/KRIM2960/index.html: list index out of range
scanning link :https://www.uio.no/studier/emner/jus/ikrs/KRIM2962/v25/timeplan/index.html
could not scan /studier/emner/jus/ikrs/KRIM2962/index.html: list index out of range
scanning link :https://www.uio.no/studier/emner/jus/ikrs/KRIM4102/v25/timeplan/index.html
could not scan /studier/emner/jus/ikrs/KRIM4102/index.html: list index out of range
scanning link :https://www.uio.no/studier/emner/jus/ikrs/KRIM4953/v25/timeplan/index.html
could not scan /studier/emner/jus/ikrs/KRIM4953/index.html: list index out of range
scanning link :https://www.uio.no/studier/emner/jus/ikrs/KRIM4960/v25/timeplan/index.html
could not scan /studier/emner/jus/ikrs/KRIM4960/index.html: list index out of range
scanning link :https://www.uio.no/studier/emner/jus/ikrs/KRIM4962/v25/timeplan/index.html
scanning link :https://www.uio.no/studier/emner/jus/ikrs/KRIM5001/v25/timeplan/index.html
scanning link :https://www.uio.no/studier/emner/jus/ikrs/KRS4210/v25/timeplan/index.html
could not scan /studier/emner/jus/ikrs/KRS4210/index.html: list index out of range
scanning link :https://www.uio.no/studier/emner/hf/ikos/KULH1003/v25/timeplan/index.html
could not scan /studier/emner/hf/ikos/KULH1003/index.html: list index out of range
scanning link :https://www.uio.no/studier/emner/hf/ikos/KULH2003/v25/timeplan/index.html
could not scan /studier/emner/hf/ikos/KULH2003/index.html: list index out of range
scanning link :https://www.uio.no/studier/emner/hf/ikos/KULH2004/v25/timeplan/index.html
could not scan /studier/emner/hf/ikos/KULH2004/index.html: list index out of range
scanning link :https://www.uio.no/studier/emner/hf/ikos/KULH2011/v25/timeplan/index.html
could not scan /studier/emner/hf/ikos/KULH2011/index.html: list index out of range
scanning link :https://www.uio.no/studier/emner/hf/ikos/KULH3001/v25/timeplan/index.html
could not scan /studier/emner/hf/ikos/KULH3001/index.html: list index out of range
scanning link :https://www.uio.no/studier/emner/hf/ikos/KULH4020/v25/timeplan/index.html
could not scan /studier/emner/hf/ikos/KULH4020/index.html: list index out of range
scanning link :https://www.uio.no/studier/emner/hf/ikos/KULH4890/v25/timeplan/index.html
scanning link :https://www.uio.no/studier/emner/hf/ikos/KULHT4003/v25/timeplan/index.html
could not scan /studier/emner/hf/ikos/KULHT4003/index.html: list index out of range
could not scan /studier/emner/sv/sv/KULKOM1200/index.html: 'NoneType' object has no attribute 'a'
scanning link :https://www.uio.no/studier/emner/sv/sv/KULKOM3090/v25/timeplan/index.html
could not scan /studier/emner/sv/sv/KULKOM3090/index.html: list index out of range
scanning link :https://www.uio.no/studier/emner/hf/ifikk/KUN1001/v25/timeplan/index.html
scanning link :https://www.uio.no/studier/emner/hf/ifikk/KUN2009/v25/timeplan/index.html
could not scan /studier/emner/hf/ifikk/KUN2009/index.html: list index out of range
scanning link :https://www.uio.no/studier/emner/hf/ifikk/KUN2015/v25/timeplan/index.html
could not scan /studier/emner/hf/ifikk/KUN2015/index.html: list index out of range
scanning link :https://www.uio.no/studier/emner/hf/ifikk/KUN2085/v25/timeplan/index.html
could not scan /studier/emner/hf/ifikk/KUN2085/index.html: list index out of range
scanning link :https://www.uio.no/studier/emner/hf/ifikk/KUN2145/v25/timeplan/index.html
could not scan /studier/emner/hf/ifikk/KUN2145/index.html: list index out of range
scanning link :https://www.uio.no/studier/emner/hf/ifikk/KUN2202/v25/timeplan/index.html
could not scan /studier/emner/hf/ifikk/KUN2202/index.html: list index out of range
scanning link :https://www.uio.no/studier/emner/hf/ifikk/KUN2230/v25/timeplan/index.html
could not scan /studier/emner/hf/ifikk/KUN2230/index.html: list index out of range
scanning link :https://www.uio.no/studier/emner/hf/ifikk/KUN2250/v25/timeplan/index.html
could not scan /studier/emner/hf/ifikk/KUN2250/index.html: list index out of range
scanning link :https://www.uio.no/studier/emner/hf/ifikk/KUN2400/v25/timeplan/index.html
could not scan /studier/emner/hf/ifikk/KUN2400/index.html: list index out of range
scanning link :https://www.uio.no/studier/emner/hf/ifikk/KUN2540/v25/timeplan/index.html
could not scan /studier/emner/hf/ifikk/KUN2540/index.html: list index out of range
scanning link :https://www.uio.no/studier/emner/hf/ifikk/KUN3090/v25/timeplan/index.html
could not scan /studier/emner/hf/ifikk/KUN3090/index.html: list index out of range
scanning link :https://www.uio.no/studier/emner/hf/ifikk/KUN3920/v25/timeplan/index.html
could not scan /studier/emner/hf/ifikk/KUN3920/index.html: list index out of range
scanning link :https://www.uio.no/studier/emner/hf/ifikk/KUN4009/v25/timeplan/index.html
could not scan /studier/emner/hf/ifikk/KUN4009/index.html: list index out of range
scanning link :https://www.uio.no/studier/emner/hf/ifikk/KUN4015/v25/timeplan/index.html
could not scan /studier/emner/hf/ifikk/KUN4015/index.html: list index out of range
scanning link :https://www.uio.no/studier/emner/hf/ifikk/KUN4020/v25/timeplan/index.html
could not scan /studier/emner/hf/ifikk/KUN4020/index.html: list index out of range
scanning link :https://www.uio.no/studier/emner/hf/ifikk/KUN4060/v25/timeplan/index.html
could not scan /studier/emner/hf/ifikk/KUN4060/index.html: list index out of range
scanning link :https://www.uio.no/studier/emner/hf/ifikk/KUN4085/v25/timeplan/index.html
could not scan /studier/emner/hf/ifikk/KUN4085/index.html: list index out of range
scanning link :https://www.uio.no/studier/emner/hf/ifikk/KUN4090/v25/timeplan/index.html
scanning link :https://www.uio.no/studier/emner/hf/ifikk/KUN4145/v25/timeplan/index.html
could not scan /studier/emner/hf/ifikk/KUN4145/index.html: list index out of range
scanning link :https://www.uio.no/studier/emner/hf/ifikk/KUN4190/v25/timeplan/index.html
could not scan /studier/emner/hf/ifikk/KUN4190/index.html: list index out of range
scanning link :https://www.uio.no/studier/emner/hf/ifikk/KUN4202/v25/timeplan/index.html
could not scan /studier/emner/hf/ifikk/KUN4202/index.html: list index out of range
scanning link :https://www.uio.no/studier/emner/hf/ifikk/KUN4230/v25/timeplan/index.html
could not scan /studier/emner/hf/ifikk/KUN4230/index.html: list index out of range
scanning link :https://www.uio.no/studier/emner/hf/ifikk/KUN4400/v25/timeplan/index.html
could not scan /studier/emner/hf/ifikk/KUN4400/index.html: list index out of range
scanning link :https://www.uio.no/studier/emner/hf/ifikk/KUN4540/v25/timeplan/index.html
could not scan /studier/emner/hf/ifikk/KUN4540/index.html: list index out of range
scanning link :https://www.uio.no/studier/emner/hf/ifikk/KUN4552/v25/timeplan/index.html
could not scan /studier/emner/hf/ifikk/KUN4552/index.html: list index out of range
scanning link :https://www.uio.no/studier/emner/hf/ifikk/LAT1002/v25/timeplan/index.html
could not scan /studier/emner/hf/ifikk/LAT1002/index.html: list index out of range
scanning link :https://www.uio.no/studier/emner/hf/ifikk/LAT2410/v25/timeplan/index.html
could not scan /studier/emner/hf/ifikk/LAT2410/index.html: list index out of range
scanning link :https://www.uio.no/studier/emner/hf/ifikk/LAT2431/v25/timeplan/index.html
scanning link :https://www.uio.no/studier/emner/hf/ifikk/LAT3190/v25/timeplan/index.html
scanning link :https://www.uio.no/studier/emner/hf/ifikk/LAT4002/v25/timeplan/index.html
scanning link :https://www.uio.no/studier/emner/hf/ifikk/LAT4190/v25/timeplan/index.html
scanning link :https://www.uio.no/studier/emner/hf/ifikk/LAT4318/v25/timeplan/index.html
could not scan /studier/emner/hf/ifikk/LAT4318/index.html: list index out of range
scanning link :https://www.uio.no/studier/emner/hf/ifikk/LAT4320/v25/timeplan/index.html
could not scan /studier/emner/hf/ifikk/LAT4320/index.html: list index out of range
scanning link :https://www.uio.no/studier/emner/teologi/tf/LES4240/v25/timeplan/index.html
could not scan /studier/emner/teologi/tf/LES4240/index.html: list index out of range
scanning link :https://www.uio.no/studier/emner/teologi/tf/LES4330/v25/timeplan/index.html
could not scan /studier/emner/teologi/tf/LES4330/index.html: list index out of range
scanning link :https://www.uio.no/studier/emner/teologi/tf/LES4360/v25/timeplan/index.html
could not scan /studier/emner/teologi/tf/LES4360/index.html: list index out of range
scanning link :https://www.uio.no/studier/emner/hf/iln/LING1107/v25/timeplan/index.html
could not scan /studier/emner/hf/iln/LING1107/index.html: list index out of range
scanning link :https://www.uio.no/studier/emner/hf/iln/LING1112/v25/timeplan/index.html
could not scan /studier/emner/hf/iln/LING1112/index.html: list index out of range
scanning link :https://www.uio.no/studier/emner/hf/iln/LING1113/v25/timeplan/index.html
could not scan /studier/emner/hf/iln/LING1113/index.html: list index out of range
scanning link :https://www.uio.no/studier/emner/hf/iln/LING2100/v25/timeplan/index.html
could not scan /studier/emner/hf/iln/LING2100/index.html: list index out of range
scanning link :https://www.uio.no/studier/emner/hf/iln/LING2113/v25/timeplan/index.html
could not scan /studier/emner/hf/iln/LING2113/index.html: list index out of range
scanning link :https://www.uio.no/studier/emner/hf/iln/LING2121/v25/timeplan/index.html
could not scan /studier/emner/hf/iln/LING2121/index.html: list index out of range
scanning link :https://www.uio.no/studier/emner/hf/iln/LING3090/v25/timeplan/index.html
could not scan /studier/emner/hf/iln/LING3090/index.html: list index out of range
scanning link :https://www.uio.no/studier/emner/hf/iln/LING4101/v25/timeplan/index.html
could not scan /studier/emner/hf/iln/LING4101/index.html: list index out of range
scanning link :https://www.uio.no/studier/emner/hf/iln/LING4111/v25/timeplan/index.html
could not scan /studier/emner/hf/iln/LING4111/index.html: list index out of range
scanning link :https://www.uio.no/studier/emner/hf/iln/LING4130/v25/timeplan/index.html
could not scan /studier/emner/hf/iln/LING4130/index.html: list index out of range
scanning link :https://www.uio.no/studier/emner/hf/iln/LING4160/v25/timeplan/index.html
could not scan /studier/emner/hf/iln/LING4160/index.html: list index out of range
could not scan /studier/emner/hf/iln/LING4181/index.html: 'NoneType' object has no attribute 'a'
could not scan /studier/emner/hf/iln/LING4190/index.html: 'NoneType' object has no attribute 'a'
could not scan /studier/emner/hf/iln/LING4195/index.html: 'NoneType' object has no attribute 'a'
scanning link :https://www.uio.no/studier/emner/hf/ilos/LIT1302/v25/timeplan/index.html
could not scan /studier/emner/hf/ilos/LIT1302/index.html: list index out of range
scanning link :https://www.uio.no/studier/emner/hf/ilos/LIT1303/v25/timeplan/index.html
could not scan /studier/emner/hf/ilos/LIT1303/index.html: list index out of range
scanning link :https://www.uio.no/studier/emner/hf/ilos/LIT2000/v25/timeplan/index.html
could not scan /studier/emner/hf/ilos/LIT2000/index.html: list index out of range
scanning link :https://www.uio.no/studier/emner/hf/ilos/LIT2320/v25/timeplan/index.html
could not scan /studier/emner/hf/ilos/LIT2320/index.html: list index out of range
scanning link :https://www.uio.no/studier/emner/hf/ilos/LIT3000/v25/timeplan/index.html
could not scan /studier/emner/hf/ilos/LIT3000/index.html: list index out of range
scanning link :https://www.uio.no/studier/emner/hf/ilos/LIT3461/v25/timeplan/index.html
scanning link :https://www.uio.no/studier/emner/hf/ilos/LIT3462/v25/timeplan/index.html
could not scan /studier/emner/hf/ilos/LIT3462/index.html: list index out of range
scanning link :https://www.uio.no/studier/emner/hf/ilos/LIT4001/v25/timeplan/index.html
could not scan /studier/emner/hf/ilos/LIT4001/index.html: list index out of range
scanning link :https://www.uio.no/studier/emner/hf/ilos/LIT4310A/v25/timeplan/index.html
could not scan /studier/emner/hf/ilos/LIT4310A/index.html: list index out of range
scanning link :https://www.uio.no/studier/emner/hf/ilos/LIT4310B/v25/timeplan/index.html
could not scan /studier/emner/hf/ilos/LIT4310B/index.html: list index out of range
scanning link :https://www.uio.no/studier/emner/hf/ilos/LIT4360A/v25/timeplan/index.html
could not scan /studier/emner/hf/ilos/LIT4360A/index.html: list index out of range
scanning link :https://www.uio.no/studier/emner/hf/ilos/LIT4360B/v25/timeplan/index.html
could not scan /studier/emner/hf/ilos/LIT4360B/index.html: list index out of range
could not scan /studier/emner/hf/ilos/LIT4390/index.html: 'NoneType' object has no attribute 'a'
scanning link :https://www.uio.no/studier/emner/hf/ilos/LIT4391/v25/timeplan/index.html
could not scan /studier/emner/hf/ilos/LIT4391/index.html: list index out of range
scanning link :https://www.uio.no/studier/emner/hf/ilos/LIT4461/v25/timeplan/index.html
could not scan /studier/emner/hf/ilos/LIT4461/index.html: list index out of range
scanning link :https://www.uio.no/studier/emner/hf/ilos/LIT4462/v25/timeplan/index.html
could not scan /studier/emner/hf/ilos/LIT4462/index.html: list index out of range
could not scan /studier/emner/hf/ilos/LIT4490/index.html: 'NoneType' object has no attribute 'a'
scanning link :https://www.uio.no/studier/emner/hf/ilos/LIT4910/v25/timeplan/index.html
scanning link :https://www.uio.no/studier/emner/matnat/farmasi/LSI4005/v25/timeplan/index.html
could not scan /studier/emner/matnat/farmasi/LSI4005/index.html: list index out of range
scanning link :https://www.uio.no/studier/emner/medisin/med/LSI4010/v25/timeplan/index.html
could not scan /studier/emner/medisin/med/LSI4010/index.html: list index out of range
scanning link :https://www.uio.no/studier/emner/uv/cemo/MAE4050/v25/timeplan/index.html
could not scan /studier/emner/uv/cemo/MAE4050/index.html: list index out of range
scanning link :https://www.uio.no/studier/emner/uv/cemo/MAE4101/v25/timeplan/index.html
could not scan /studier/emner/uv/cemo/MAE4101/index.html: list index out of range
scanning link :https://www.uio.no/studier/emner/uv/cemo/MAE4120/v25/timeplan/index.html
could not scan /studier/emner/uv/cemo/MAE4120/index.html: list index out of range
scanning link :https://www.uio.no/studier/emner/jus/jus/MARL5120/v25/timeplan/index.html
scanning link :https://www.uio.no/studier/emner/jus/jus/MARLTHESIS/v25/timeplan/index.html
could not scan /studier/emner/hf/iln/MAS4091/index.html: 'NoneType' object has no attribute 'a'
scanning link :https://www.uio.no/studier/emner/matnat/math/MAT1020/v25/timeplan/index.html
could not scan /studier/emner/matnat/math/MAT1020/index.html: list index out of range
scanning link :https://www.uio.no/studier/emner/matnat/math/MAT1060/v25/timeplan/index.html
could not scan /studier/emner/matnat/math/MAT1060/index.html: list index out of range
scanning link :https://www.uio.no/studier/emner/matnat/math/MAT1110/v25/timeplan/index.html
scanning link :https://www.uio.no/studier/emner/matnat/math/MAT2000/v25/timeplan/index.html
could not scan /studier/emner/matnat/math/MAT2000/index.html: list index out of range
scanning link :https://www.uio.no/studier/emner/matnat/math/MAT2100/v25/timeplan/index.html
could not scan /studier/emner/matnat/math/MAT2100/index.html: list index out of range
scanning link :https://www.uio.no/studier/emner/matnat/math/MAT2200/v25/timeplan/index.html
could not scan /studier/emner/matnat/math/MAT2200/index.html: list index out of range
scanning link :https://www.uio.no/studier/emner/matnat/math/MAT2400/v25/timeplan/index.html
could not scan /studier/emner/matnat/math/MAT2400/index.html: list index out of range
scanning link :https://www.uio.no/studier/emner/matnat/math/MAT3100/v25/timeplan/index.html
could not scan /studier/emner/matnat/math/MAT3100/index.html: list index out of range
scanning link :https://www.uio.no/studier/emner/matnat/math/MAT3250/v25/timeplan/index.html
could not scan /studier/emner/matnat/math/MAT3250/index.html: list index out of range
scanning link :https://www.uio.no/studier/emner/matnat/math/MAT3360/v25/timeplan/index.html
could not scan /studier/emner/matnat/math/MAT3360/index.html: list index out of range
scanning link :https://www.uio.no/studier/emner/matnat/math/MAT3400/v25/timeplan/index.html
could not scan /studier/emner/matnat/math/MAT3400/index.html: list index out of range
scanning link :https://www.uio.no/studier/emner/matnat/math/MAT3420/v25/timeplan/index.html
could not scan /studier/emner/matnat/math/MAT3420/index.html: list index out of range
scanning link :https://www.uio.no/studier/emner/matnat/math/MAT3440/v25/timeplan/index.html
could not scan /studier/emner/matnat/math/MAT3440/index.html: list index out of range
scanning link :https://www.uio.no/studier/emner/matnat/math/MAT4010/v25/timeplan/index.html
could not scan /studier/emner/matnat/math/MAT4010/index.html: list index out of range
scanning link :https://www.uio.no/studier/emner/matnat/math/MAT4170/v25/timeplan/index.html
scanning link :https://www.uio.no/studier/emner/matnat/math/MAT4210/v25/timeplan/index.html
could not scan /studier/emner/matnat/math/MAT4210/index.html: list index out of range
scanning link :https://www.uio.no/studier/emner/matnat/math/MAT4215/v25/timeplan/index.html
could not scan /studier/emner/matnat/math/MAT4215/index.html: list index out of range
scanning link :https://www.uio.no/studier/emner/matnat/math/MAT4305/v25/timeplan/index.html
could not scan /studier/emner/matnat/math/MAT4305/index.html: list index out of range
scanning link :https://www.uio.no/studier/emner/matnat/math/MAT4400/v25/timeplan/index.html
could not scan /studier/emner/matnat/math/MAT4400/index.html: list index out of range
scanning link :https://www.uio.no/studier/emner/matnat/math/MAT4430/v25/timeplan/index.html
could not scan /studier/emner/matnat/math/MAT4430/index.html: list index out of range
scanning link :https://www.uio.no/studier/emner/matnat/math/MAT4450/v25/timeplan/index.html
could not scan /studier/emner/matnat/math/MAT4450/index.html: list index out of range
scanning link :https://www.uio.no/studier/emner/matnat/math/MAT4520/v25/timeplan/index.html
could not scan /studier/emner/matnat/math/MAT4520/index.html: list index out of range
scanning link :https://www.uio.no/studier/emner/matnat/math/MAT4530/v25/timeplan/index.html
could not scan /studier/emner/matnat/math/MAT4530/index.html: list index out of range
scanning link :https://www.uio.no/studier/emner/matnat/math/MAT4735/v25/timeplan/index.html
could not scan /studier/emner/matnat/math/MAT4735/index.html: list index out of range
could not scan /studier/emner/matnat/math/MAT4750/index.html: 'NoneType' object has no attribute 'a'
could not scan /studier/emner/matnat/math/MAT4770/index.html: 'NoneType' object has no attribute 'a'
could not scan /studier/emner/matnat/math/MAT4790/index.html: 'NoneType' object has no attribute 'a'
could not scan /studier/emner/matnat/math/MAT4810/index.html: 'NoneType' object has no attribute 'a'
could not scan /studier/emner/matnat/math/MAT4930/index.html: 'NoneType' object has no attribute 'a'
could not scan /studier/emner/matnat/math/MAT5930L/index.html: 'NoneType' object has no attribute 'a'
could not scan /studier/emner/matnat/math/MAT9170/index.html: list index out of range
scanning link :https://www.uio.no/studier/emner/matnat/math/MAT9210/v25/timeplan/index.html
could not scan /studier/emner/matnat/math/MAT9210/index.html: list index out of range
scanning link :https://www.uio.no/studier/emner/matnat/math/MAT9215/v25/timeplan/index.html
scanning link :https://www.uio.no/studier/emner/matnat/math/MAT9305/v25/timeplan/index.html
could not scan /studier/emner/matnat/math/MAT9305/index.html: list index out of range
could not scan /studier/emner/matnat/math/MAT9390/index.html: 'NoneType' object has no attribute 'a'
scanning link :https://www.uio.no/studier/emner/matnat/math/MAT9520/v25/timeplan/index.html
could not scan /studier/emner/matnat/math/MAT9520/index.html: list index out of range
scanning link :https://www.uio.no/studier/emner/matnat/math/MAT9530/v25/timeplan/index.html
could not scan /studier/emner/matnat/math/MAT9530/index.html: list index out of range
scanning link :https://www.uio.no/studier/emner/matnat/math/MAT9735/v25/timeplan/index.html
could not scan /studier/emner/matnat/math/MAT9735/index.html: list index out of range
could not scan /studier/emner/matnat/math/MAT9750/index.html: 'NoneType' object has no attribute 'a'
could not scan /studier/emner/matnat/math/MAT9770/index.html: 'NoneType' object has no attribute 'a'
could not scan /studier/emner/matnat/math/MAT9790/index.html: 'NoneType' object has no attribute 'a'
could not scan /studier/emner/matnat/math/MAT9810/index.html: 'NoneType' object has no attribute 'a'
scanning link :https://www.uio.no/studier/emner/hf/imv/MCT4053/v25/timeplan/index.html
could not scan /studier/emner/hf/imv/MCT4053/index.html: list index out of range
could not scan /studier/emner/hf/imv/MCT4090/index.html: 'NoneType' object has no attribute 'a'
scanning link :https://www.uio.no/studier/emner/hf/imv/MCT4091/v25/timeplan/index.html
scanning link :https://www.uio.no/studier/emner/uv/ils/MDID4001/v25/timeplan/index.html
could not scan /studier/emner/uv/ils/MDID4001/index.html: list index out of range
could not scan /studier/emner/uv/ils/MDID4009/index.html: 'NoneType' object has no attribute 'a'
could not scan /studier/emner/medisin/med/MED1100/index.html: 'NoneType' object has no attribute 'a'
could not scan /studier/emner/medisin/med/MED2200/index.html: 'NoneType' object has no attribute 'a'
scanning link :https://www.uio.no/studier/emner/medisin/med/MED3001/v25/timeplan/index.html
could not scan /studier/emner/medisin/med/MED3001/index.html: list index out of range
scanning link :https://www.uio.no/studier/emner/medisin/med/MED3002/v25/timeplan/index.html
could not scan /studier/emner/medisin/med/MED3002/index.html: list index out of range
could not scan /studier/emner/medisin/med/MED3003/index.html: 'NoneType' object has no attribute 'a'
scanning link :https://www.uio.no/studier/emner/medisin/med/MED3004/v25/timeplan/index.html
could not scan /studier/emner/medisin/med/MED3004/index.html: list index out of range
scanning link :https://www.uio.no/studier/emner/medisin/med/MED3005/v25/timeplan/index.html
could not scan /studier/emner/medisin/med/MED3005/index.html: list index out of range
scanning link :https://www.uio.no/studier/emner/medisin/med/MED3006/v25/timeplan/index.html
could not scan /studier/emner/medisin/med/MED3006/index.html: list index out of range
scanning link :https://www.uio.no/studier/emner/medisin/med/MED3007/v25/timeplan/index.html
could not scan /studier/emner/medisin/med/MED3007/index.html: list index out of range
could not scan /studier/emner/medisin/med/MED3050/index.html: 'NoneType' object has no attribute 'a'
could not scan /studier/emner/medisin/med/MED3051/index.html: 'NoneType' object has no attribute 'a'
scanning link :https://www.uio.no/studier/emner/medisin/med/MED3052/v25/timeplan/index.html
could not scan /studier/emner/medisin/med/MED3052/index.html: list index out of range
could not scan /studier/emner/medisin/med/MED3053/index.html: 'NoneType' object has no attribute 'a'
could not scan /studier/emner/medisin/med/MED3054/index.html: 'NoneType' object has no attribute 'a'
could not scan /studier/emner/medisin/med/MED3055/index.html: 'NoneType' object has no attribute 'a'
scanning link :https://www.uio.no/studier/emner/medisin/med/MED3056/v25/timeplan/index.html
could not scan /studier/emner/medisin/med/MED3056/index.html: list index out of range
could not scan /studier/emner/medisin/med/MED3057/index.html: 'NoneType' object has no attribute 'a'
could not scan /studier/emner/medisin/med/MED3058/index.html: 'NoneType' object has no attribute 'a'
scanning link :https://www.uio.no/studier/emner/medisin/med/MED3059/v25/timeplan/index.html
could not scan /studier/emner/medisin/med/MED3059/index.html: list index out of range
scanning link :https://www.uio.no/studier/emner/medisin/med/MED3060/v25/timeplan/index.html
could not scan /studier/emner/medisin/med/MED3060/index.html: list index out of range
could not scan /studier/emner/medisin/med/MED3061/index.html: 'NoneType' object has no attribute 'a'
scanning link :https://www.uio.no/studier/emner/medisin/med/MED3062/v25/timeplan/index.html
could not scan /studier/emner/medisin/med/MED3062/index.html: list index out of range
scanning link :https://www.uio.no/studier/emner/medisin/med/MED3063/v25/timeplan/index.html
could not scan /studier/emner/medisin/med/MED3063/index.html: list index out of range
scanning link :https://www.uio.no/studier/emner/medisin/med/MED3064/v25/timeplan/index.html
could not scan /studier/emner/medisin/med/MED3064/index.html: list index out of range
scanning link :https://www.uio.no/studier/emner/medisin/med/MED3065/v25/timeplan/index.html
could not scan /studier/emner/medisin/med/MED3065/index.html: list index out of range
scanning link :https://www.uio.no/studier/emner/medisin/med/MED3066/v25/timeplan/index.html
could not scan /studier/emner/medisin/med/MED3066/index.html: list index out of range
could not scan /studier/emner/medisin/med/MED3067/index.html: 'NoneType' object has no attribute 'a'
scanning link :https://www.uio.no/studier/emner/medisin/med/MED3068/v25/timeplan/index.html
could not scan /studier/emner/medisin/med/MED3068/index.html: list index out of range
could not scan /studier/emner/medisin/med/MED3300/index.html: 'NoneType' object has no attribute 'a'
scanning link :https://www.uio.no/studier/emner/medisin/med/MED4400/v25/timeplan/index.html
scanning link :https://www.uio.no/studier/emner/medisin/med/MED4500R/v25/timeplan/index.html
scanning link :https://www.uio.no/studier/emner/medisin/med/MED5095/v25/timeplan/index.html
could not scan /studier/emner/medisin/med/MED5095/index.html: list index out of range
scanning link :https://www.uio.no/studier/emner/medisin/med/MED5600/v25/timeplan/index.html
could not scan /studier/emner/medisin/med/MED5600/index.html: unsupported operand type(s) for +: 'NoneType' and 'str'
scanning link :https://www.uio.no/studier/emner/medisin/med/MED5700/v25/timeplan/index.html
could not scan /studier/emner/medisin/med/MED5700/index.html: list index out of range
scanning link :https://www.uio.no/studier/emner/medisin/med/MED6001/v25/timeplan/index.html
could not scan /studier/emner/medisin/med/MED6800/index.html: 'NoneType' object has no attribute 'a'
scanning link :https://www.uio.no/studier/emner/medisin/med/MEDFL5010/v25/timeplan/index.html
could not scan /studier/emner/medisin/med/MEDFL5010/index.html: list index out of range
scanning link :https://www.uio.no/studier/emner/medisin/med/MEDFL5010E/v25/timeplan/index.html
could not scan /studier/emner/medisin/med/MEDFL5010E/index.html: list index out of range
scanning link :https://www.uio.no/studier/emner/medisin/med/MEDFL5030/v25/timeplan/index.html
could not scan /studier/emner/medisin/med/MEDFL5030/index.html: list index out of range
scanning link :https://www.uio.no/studier/emner/medisin/med/MEDFL5030E/v25/timeplan/index.html
could not scan /studier/emner/medisin/med/MEDFL5030E/index.html: list index out of range
scanning link :https://www.uio.no/studier/emner/medisin/med/MEDFL5130/v25/timeplan/index.html
could not scan /studier/emner/medisin/med/MEDFL5130/index.html: list index out of range
scanning link :https://www.uio.no/studier/emner/medisin/med/MEDFL5130E/v25/timeplan/index.html
could not scan /studier/emner/medisin/med/MEDFL5130E/index.html: list index out of range
could not scan /studier/emner/medisin/med/MEDFL5135/index.html: 'NoneType' object has no attribute 'a'
scanning link :https://www.uio.no/studier/emner/medisin/med/MEDFL5140/v25/timeplan/index.html
could not scan /studier/emner/medisin/med/MEDFL5140/index.html: list index out of range
scanning link :https://www.uio.no/studier/emner/medisin/med/MEDFL5145/v25/timeplan/index.html
could not scan /studier/emner/medisin/med/MEDFL5145/index.html: list index out of range
scanning link :https://www.uio.no/studier/emner/medisin/med/MEDFL5150/v25/timeplan/index.html
could not scan /studier/emner/medisin/med/MEDFL5150/index.html: list index out of range
scanning link :https://www.uio.no/studier/emner/medisin/med/MEDFL5165/v25/timeplan/index.html
could not scan /studier/emner/medisin/med/MEDFL5165/index.html: list index out of range
scanning link :https://www.uio.no/studier/emner/medisin/med/MEDFL5170/v25/timeplan/index.html
could not scan /studier/emner/medisin/med/MEDFL5170/index.html: list index out of range
scanning link :https://www.uio.no/studier/emner/medisin/med/MEDFL5195/v25/timeplan/index.html
could not scan /studier/emner/medisin/med/MEDFL5195/index.html: list index out of range
scanning link :https://www.uio.no/studier/emner/medisin/med/MEDFL5230/v25/timeplan/index.html
could not scan /studier/emner/medisin/med/MEDFL5230/index.html: list index out of range
scanning link :https://www.uio.no/studier/emner/medisin/med/MEDFL5250/v25/timeplan/index.html
could not scan /studier/emner/medisin/med/MEDFL5250/index.html: list index out of range
could not scan /studier/emner/medisin/med/MEDFL5270/index.html: 'NoneType' object has no attribute 'a'
scanning link :https://www.uio.no/studier/emner/medisin/med/MEDFL5295/v25/timeplan/index.html
could not scan /studier/emner/medisin/med/MEDFL5295/index.html: list index out of range
could not scan /studier/emner/medisin/med/MEDFL5320/index.html: 'NoneType' object has no attribute 'a'
could not scan /studier/emner/medisin/med/MEDFL5325/index.html: 'NoneType' object has no attribute 'a'
could not scan /studier/emner/medisin/med/MEDFL5345/index.html: 'NoneType' object has no attribute 'a'
scanning link :https://www.uio.no/studier/emner/medisin/med/MEDFL5375/v25/timeplan/index.html
could not scan /studier/emner/medisin/med/MEDFL5375/index.html: list index out of range
scanning link :https://www.uio.no/studier/emner/medisin/med/MEDFL5385/v25/timeplan/index.html
could not scan /studier/emner/medisin/med/MEDFL5385/index.html: list index out of range
scanning link :https://www.uio.no/studier/emner/medisin/med/MEDFL5395/v25/timeplan/index.html
could not scan /studier/emner/medisin/med/MEDFL5395/index.html: list index out of range
scanning link :https://www.uio.no/studier/emner/medisin/med/MEDFL5495P/v25/timeplan/index.html
could not scan /studier/emner/medisin/med/MEDFL5495P/index.html: list index out of range
could not scan /studier/emner/medisin/med/MEDFL5520/index.html: 'NoneType' object has no attribute 'a'
scanning link :https://www.uio.no/studier/emner/medisin/med/MEDFL5555/v25/timeplan/index.html
could not scan /studier/emner/medisin/med/MEDFL5555/index.html: list index out of range
scanning link :https://www.uio.no/studier/emner/medisin/med/MEDFL5580/v25/timeplan/index.html
scanning link :https://www.uio.no/studier/emner/matnat/math/MEK1100/v25/timeplan/index.html
could not scan /studier/emner/matnat/math/MEK1100/index.html: list index out of range
could not scan /studier/emner/matnat/math/MEK3200/index.html: 'NoneType' object has no attribute 'a'
scanning link :https://www.uio.no/studier/emner/matnat/math/MEK3700/v25/timeplan/index.html
could not scan /studier/emner/matnat/math/MEK3700/index.html: list index out of range
scanning link :https://www.uio.no/studier/emner/matnat/math/MEK3800/v25/timeplan/index.html
could not scan /studier/emner/matnat/math/MEK3800/index.html: list index out of range
could not scan /studier/emner/matnat/math/MEK4100/index.html: 'NoneType' object has no attribute 'a'
could not scan /studier/emner/matnat/math/MEK4230/index.html: 'NoneType' object has no attribute 'a'
scanning link :https://www.uio.no/studier/emner/matnat/math/MEK4250/v25/timeplan/index.html
could not scan /studier/emner/matnat/math/MEK4250/index.html: list index out of range
scanning link :https://www.uio.no/studier/emner/matnat/math/MEK4320/v25/timeplan/index.html
could not scan /studier/emner/matnat/math/MEK4320/index.html: list index out of range
scanning link :https://www.uio.no/studier/emner/matnat/math/MEK4410/v25/timeplan/index.html
could not scan /studier/emner/matnat/math/MEK4410/index.html: list index out of range
scanning link :https://www.uio.no/studier/emner/matnat/math/MEK4420/v25/timeplan/index.html
could not scan /studier/emner/matnat/math/MEK4420/index.html: list index out of range
scanning link :https://www.uio.no/studier/emner/matnat/math/MEK4470/v25/timeplan/index.html
could not scan /studier/emner/matnat/math/MEK4470/index.html: list index out of range
could not scan /studier/emner/matnat/math/MEK4600/index.html: 'NoneType' object has no attribute 'a'
scanning link :https://www.uio.no/studier/emner/matnat/math/MEK4700/v25/timeplan/index.html
could not scan /studier/emner/matnat/math/MEK4700/index.html: list index out of range
scanning link :https://www.uio.no/studier/emner/matnat/math/MEK4800/v25/timeplan/index.html
could not scan /studier/emner/matnat/math/MEK4800/index.html: list index out of range
could not scan /studier/emner/matnat/math/MEK4930/index.html: 'NoneType' object has no attribute 'a'
scanning link :https://www.uio.no/studier/emner/matnat/math/MEK9250/v25/timeplan/index.html
could not scan /studier/emner/matnat/math/MEK9250/index.html: list index out of range
scanning link :https://www.uio.no/studier/emner/matnat/math/MEK9320/v25/timeplan/index.html
could not scan /studier/emner/matnat/math/MEK9320/index.html: list index out of range
scanning link :https://www.uio.no/studier/emner/matnat/math/MEK9410/v25/timeplan/index.html
could not scan /studier/emner/matnat/math/MEK9410/index.html: list index out of range
scanning link :https://www.uio.no/studier/emner/matnat/math/MEK9420/v25/timeplan/index.html
could not scan /studier/emner/matnat/math/MEK9420/index.html: list index out of range
scanning link :https://www.uio.no/studier/emner/matnat/math/MEK9470/v25/timeplan/index.html
could not scan /studier/emner/matnat/math/MEK9470/index.html: list index out of range
could not scan /studier/emner/matnat/math/MEK9600/index.html: 'NoneType' object has no attribute 'a'
scanning link :https://www.uio.no/studier/emner/matnat/fys/MENA2000/v25/timeplan/index.html
could not scan /studier/emner/matnat/fys/MENA2000/index.html: list index out of range
could not scan /studier/emner/matnat/kjemi/MENA3020/index.html: 'NoneType' object has no attribute 'a'
scanning link :https://www.uio.no/studier/emner/matnat/fys/MENA3100/v25/timeplan/index.html
could not scan /studier/emner/matnat/fys/MENA3100/index.html: list index out of range
scanning link :https://www.uio.no/studier/emner/matnat/fys/MENA3201/v25/timeplan/index.html
could not scan /studier/emner/matnat/fys/MENA3201/index.html: list index out of range
scanning link :https://www.uio.no/studier/emner/matnat/kjemi/MENA3300/v25/timeplan/index.html
could not scan /studier/emner/matnat/kjemi/MENA3300/index.html: list index out of range
could not scan /studier/emner/matnat/kjemi/MENA5960/index.html: 'NoneType' object has no attribute 'a'
scanning link :https://www.uio.no/studier/emner/hf/ikos/MES4010/v25/timeplan/index.html
scanning link :https://www.uio.no/studier/emner/hf/ikos/MES4520/v25/timeplan/index.html
could not scan /studier/emner/hf/ikos/MES4520/index.html: list index out of range
scanning link :https://www.uio.no/studier/emner/hf/ikos/MES4590/v25/timeplan/index.html
could not scan /studier/emner/hf/ikos/MES4590/index.html: list index out of range
scanning link :https://www.uio.no/studier/emner/hf/imk/MEVIT1320/v25/timeplan/index.html
scanning link :https://www.uio.no/studier/emner/hf/imk/MEVIT2110/v25/timeplan/index.html
could not scan /studier/emner/hf/imk/MEVIT2110/index.html: list index out of range
scanning link :https://www.uio.no/studier/emner/hf/imk/MEVIT2111/v25/timeplan/index.html
could not scan /studier/emner/hf/imk/MEVIT2111/index.html: list index out of range
scanning link :https://www.uio.no/studier/emner/hf/imk/MEVIT2113/v25/timeplan/index.html
could not scan /studier/emner/hf/imk/MEVIT2113/index.html: list index out of range
scanning link :https://www.uio.no/studier/emner/hf/imk/MEVIT2114/v25/timeplan/index.html
could not scan /studier/emner/hf/imk/MEVIT2114/index.html: list index out of range
scanning link :https://www.uio.no/studier/emner/hf/imk/MEVIT2532/v25/timeplan/index.html
could not scan /studier/emner/hf/imk/MEVIT2532/index.html: list index out of range
scanning link :https://www.uio.no/studier/emner/hf/imk/MEVIT2616/v25/timeplan/index.html
could not scan /studier/emner/hf/imk/MEVIT2616/index.html: list index out of range
scanning link :https://www.uio.no/studier/emner/hf/imk/MEVIT2710/v25/timeplan/index.html
could not scan /studier/emner/hf/imk/MEVIT2710/index.html: list index out of range
scanning link :https://www.uio.no/studier/emner/hf/imk/MEVIT3117/v25/timeplan/index.html
could not scan /studier/emner/hf/imk/MEVIT3117/index.html: list index out of range
scanning link :https://www.uio.no/studier/emner/hf/imk/MEVIT3427/v25/timeplan/index.html
could not scan /studier/emner/hf/imk/MEVIT3427/index.html: list index out of range
scanning link :https://www.uio.no/studier/emner/hf/imk/MEVIT3535/v25/timeplan/index.html
scanning link :https://www.uio.no/studier/emner/hf/imk/MEVIT3540/v25/timeplan/index.html
could not scan /studier/emner/hf/imk/MEVIT3540/index.html: list index out of range
scanning link :https://www.uio.no/studier/emner/hf/imk/MEVIT3800/v25/timeplan/index.html
could not scan /studier/emner/hf/imk/MEVIT3800/index.html: list index out of range
scanning link :https://www.uio.no/studier/emner/hf/imk/MEVIT3810/v25/timeplan/index.html
could not scan /studier/emner/hf/imk/MEVIT3810/index.html: list index out of range
scanning link :https://www.uio.no/studier/emner/hf/imk/MEVIT3811/v25/timeplan/index.html
could not scan /studier/emner/hf/imk/MEVIT3811/index.html: list index out of range
scanning link :https://www.uio.no/studier/emner/hf/imk/MEVIT3812/v25/timeplan/index.html
could not scan /studier/emner/hf/imk/MEVIT3812/index.html: list index out of range
could not scan /studier/emner/hf/imk/MEVIT4091/index.html: 'NoneType' object has no attribute 'a'
could not scan /studier/emner/hf/imk/MEVIT4099/index.html: 'NoneType' object has no attribute 'a'
scanning link :https://www.uio.no/studier/emner/hf/imk/MEVIT4117/v25/timeplan/index.html
could not scan /studier/emner/hf/imk/MEVIT4117/index.html: list index out of range
could not scan /studier/emner/hf/imk/MEVIT4310/index.html: 'NoneType' object has no attribute 'a'
scanning link :https://www.uio.no/studier/emner/hf/imk/MEVIT4321/v25/timeplan/index.html
could not scan /studier/emner/hf/imk/MEVIT4321/index.html: list index out of range
could not scan /studier/emner/hf/imk/MEVIT4390/index.html: 'NoneType' object has no attribute 'a'
could not scan /studier/emner/hf/imk/MEVIT4399/index.html: 'NoneType' object has no attribute 'a'
scanning link :https://www.uio.no/studier/emner/hf/imk/MEVIT4427/v25/timeplan/index.html
could not scan /studier/emner/hf/imk/MEVIT4427/index.html: list index out of range
scanning link :https://www.uio.no/studier/emner/hf/imk/MEVIT4516/v25/timeplan/index.html
could not scan /studier/emner/hf/imk/MEVIT4516/index.html: list index out of range
scanning link :https://www.uio.no/studier/emner/hf/imk/MEVIT4517/v25/timeplan/index.html
could not scan /studier/emner/hf/imk/MEVIT4517/index.html: list index out of range
scanning link :https://www.uio.no/studier/emner/hf/imk/MEVIT4535/v25/timeplan/index.html
scanning link :https://www.uio.no/studier/emner/hf/imk/MEVIT4540/v25/timeplan/index.html
could not scan /studier/emner/hf/imk/MEVIT4540/index.html: list index out of range
scanning link :https://www.uio.no/studier/emner/hf/imk/MEVIT4616/v25/timeplan/index.html
could not scan /studier/emner/hf/imk/MEVIT4616/index.html: list index out of range
scanning link :https://www.uio.no/studier/emner/hf/imk/MEVIT4701/v25/timeplan/index.html
could not scan /studier/emner/hf/imk/MEVIT4701/index.html: list index out of range
could not scan /studier/emner/hf/imk/MEVIT4704/index.html: 'NoneType' object has no attribute 'a'
could not scan /studier/emner/hf/imk/MEVIT4790/index.html: 'NoneType' object has no attribute 'a'
could not scan /studier/emner/hf/imk/MEVIT4791/index.html: 'NoneType' object has no attribute 'a'
could not scan /studier/emner/hf/imk/MEVIT4792/index.html: 'NoneType' object has no attribute 'a'
could not scan /studier/emner/hf/imk/MEVIT4799/index.html: 'NoneType' object has no attribute 'a'
scanning link :https://www.uio.no/studier/emner/hf/imk/MEVIT4811/v25/timeplan/index.html
could not scan /studier/emner/hf/imk/MEVIT4811/index.html: list index out of range
scanning link :https://www.uio.no/studier/emner/hf/imk/MEVIT4812/v25/timeplan/index.html
could not scan /studier/emner/hf/imk/MEVIT4812/index.html: list index out of range
scanning link :https://www.uio.no/studier/emner/hf/imk/MEVIT4813/v25/timeplan/index.html
could not scan /studier/emner/hf/imk/MEVIT4813/index.html: list index out of range
scanning link :https://www.uio.no/studier/emner/hf/imk/MEVIT4892/v25/timeplan/index.html
could not scan /studier/emner/hf/imk/MEVIT4894/index.html: 'NoneType' object has no attribute 'a'
scanning link :https://www.uio.no/studier/emner/hf/imk/MEVIT4896/v25/timeplan/index.html
scanning link :https://www.uio.no/studier/emner/hf/imk/MEVIT4897/v25/timeplan/index.html
could not scan /studier/emner/hf/imk/MEVIT4898/index.html: 'NoneType' object has no attribute 'a'
could not scan /studier/emner/hf/imk/MEVIT4991/index.html: 'NoneType' object has no attribute 'a'
scanning link :https://www.uio.no/studier/emner/medisin/med/MF9010/v25/timeplan/index.html
could not scan /studier/emner/medisin/med/MF9010/index.html: list index out of range
scanning link :https://www.uio.no/studier/emner/medisin/med/MF9010E/v25/timeplan/index.html
could not scan /studier/emner/medisin/med/MF9010E/index.html: list index out of range
scanning link :https://www.uio.no/studier/emner/medisin/med/MF9030/v25/timeplan/index.html
could not scan /studier/emner/medisin/med/MF9030/index.html: list index out of range
scanning link :https://www.uio.no/studier/emner/medisin/med/MF9030E/v25/timeplan/index.html
could not scan /studier/emner/medisin/med/MF9030E/index.html: list index out of range
scanning link :https://www.uio.no/studier/emner/medisin/med/MF9130/v25/timeplan/index.html
could not scan /studier/emner/medisin/med/MF9130/index.html: list index out of range
scanning link :https://www.uio.no/studier/emner/medisin/med/MF9130E/v25/timeplan/index.html
could not scan /studier/emner/medisin/med/MF9130E/index.html: list index out of range
could not scan /studier/emner/medisin/med/MF9135/index.html: 'NoneType' object has no attribute 'a'
scanning link :https://www.uio.no/studier/emner/medisin/med/MF9140/v25/timeplan/index.html
scanning link :https://www.uio.no/studier/emner/medisin/med/MF9145/v25/timeplan/index.html
could not scan /studier/emner/medisin/med/MF9145/index.html: list index out of range
scanning link :https://www.uio.no/studier/emner/medisin/med/MF9150/v25/timeplan/index.html
could not scan /studier/emner/medisin/med/MF9150/index.html: unsupported operand type(s) for +: 'NoneType' and 'str'
scanning link :https://www.uio.no/studier/emner/medisin/med/MF9165/v25/timeplan/index.html
could not scan /studier/emner/medisin/med/MF9165/index.html: list index out of range
scanning link :https://www.uio.no/studier/emner/medisin/med/MF9170/v25/timeplan/index.html
could not scan /studier/emner/medisin/med/MF9170/index.html: list index out of range
scanning link :https://www.uio.no/studier/emner/medisin/med/MF9195/v25/timeplan/index.html
scanning link :https://www.uio.no/studier/emner/medisin/med/MF9230/v25/timeplan/index.html
could not scan /studier/emner/medisin/med/MF9230/index.html: list index out of range
scanning link :https://www.uio.no/studier/emner/medisin/med/MF9250/v25/timeplan/index.html
could not scan /studier/emner/medisin/med/MF9250/index.html: list index out of range
scanning link :https://www.uio.no/studier/emner/medisin/med/MF9295/v25/timeplan/index.html
could not scan /studier/emner/medisin/med/MF9295/index.html: list index out of range
scanning link :https://www.uio.no/studier/emner/medisin/med/MF9375/v25/timeplan/index.html
could not scan /studier/emner/medisin/med/MF9375/index.html: list index out of range
scanning link :https://www.uio.no/studier/emner/medisin/med/MF9385/v25/timeplan/index.html
could not scan /studier/emner/medisin/med/MF9385/index.html: list index out of range
scanning link :https://www.uio.no/studier/emner/medisin/med/MF9395/v25/timeplan/index.html
could not scan /studier/emner/medisin/med/MF9395/index.html: list index out of range
scanning link :https://www.uio.no/studier/emner/medisin/med/MF9495P/v25/timeplan/index.html
could not scan /studier/emner/medisin/med/MF9495P/index.html: list index out of range
scanning link :https://www.uio.no/studier/emner/medisin/med/MF9555/v25/timeplan/index.html
could not scan /studier/emner/medisin/med/MF9555/index.html: list index out of range
scanning link :https://www.uio.no/studier/emner/medisin/med/MF9580/v25/timeplan/index.html
could not scan /studier/emner/medisin/med/MF9580/index.html: list index out of range
scanning link :https://www.uio.no/studier/emner/uv/iped/MIED2020/v25/timeplan/index.html
could not scan /studier/emner/uv/iped/MIED2020/index.html: list index out of range
scanning link :https://www.uio.no/studier/emner/uv/iped/MIED2210/v25/timeplan/index.html
could not scan /studier/emner/uv/iped/MIED2210/index.html: list index out of range
scanning link :https://www.uio.no/studier/emner/uv/iped/MIED2310/v25/timeplan/index.html
could not scan /studier/emner/uv/iped/MIED2310/index.html: list index out of range
scanning link :https://www.uio.no/studier/emner/uv/iped/MIED4020/v25/timeplan/index.html
could not scan /studier/emner/uv/iped/MIED4020/index.html: list index out of range
scanning link :https://www.uio.no/studier/emner/uv/iped/MIED4190/v25/timeplan/index.html
could not scan /studier/emner/uv/iped/MIED4190/index.html: list index out of range
scanning link :https://www.uio.no/studier/emner/uv/iped/MIED4210/v25/timeplan/index.html
could not scan /studier/emner/uv/iped/MIED4210/index.html: list index out of range
scanning link :https://www.uio.no/studier/emner/uv/iped/MIED4310/v25/timeplan/index.html
could not scan /studier/emner/uv/iped/MIED4310/index.html: list index out of range
scanning link :https://www.uio.no/studier/emner/hf/iakh/MITRA4010/v25/timeplan/index.html
could not scan /studier/emner/hf/iakh/MITRA4010/index.html: list index out of range
scanning link :https://www.uio.no/studier/emner/hf/iakh/MITRA4011/v25/timeplan/index.html
could not scan /studier/emner/hf/iakh/MITRA4011/index.html: list index out of range
scanning link :https://www.uio.no/studier/emner/hf/iakh/MITRA4030/v25/timeplan/index.html
could not scan /studier/emner/hf/iakh/MITRA4030/index.html: list index out of range
could not scan /studier/emner/hf/iakh/MITRA4095/index.html: 'NoneType' object has no attribute 'a'
scanning link :https://www.uio.no/studier/emner/hf/iakh/MITRA4300/v25/timeplan/index.html
could not scan /studier/emner/hf/iakh/MITRA4300/index.html: list index out of range
could not scan /studier/emner/hf/iakh/MITRA4450/index.html: 'NoneType' object has no attribute 'a'
scanning link :https://www.uio.no/studier/emner/matnat/mn/MNKOM3000/v25/timeplan/index.html
scanning link :https://www.uio.no/studier/emner/matnat/mn/MNKOM4000/v25/timeplan/index.html
scanning link :https://www.uio.no/studier/emner/matnat/mn/MNKOM9010/v25/timeplan/index.html
could not scan /studier/emner/matnat/mn/MNKOM9010/index.html: list index out of range
scanning link :https://www.uio.no/studier/emner/matnat/mn/MNPED9000/v25/timeplan/index.html
could not scan /studier/emner/matnat/mn/MNPED9000/index.html: list index out of range
scanning link :https://www.uio.no/studier/emner/matnat/mn/MNSES9100/v25/timeplan/index.html
scanning link :https://www.uio.no/studier/emner/hf/ikos/MUKA4000/v25/timeplan/index.html
could not scan /studier/emner/hf/ikos/MUKA4000/index.html: list index out of range
scanning link :https://www.uio.no/studier/emner/hf/iln/MULTI2150/v25/timeplan/index.html
could not scan /studier/emner/hf/iln/MULTI2150/index.html: Message: stale element reference: stale element not found in the current frame
  (Session info: chrome=131.0.6778.139); For documentation on this error, please visit: https://www.selenium.dev/documentation/webdriver/troubleshooting/errors#stale-element-reference-exception
Stacktrace:
#0 0x58afe089defa <unknown>
#1 0x58afe03c66c0 <unknown>
#2 0x58afe03cc3fa <unknown>
#3 0x58afe03ce8c3 <unknown>
#4 0x58afe03ce973 <unknown>
#5 0x58afe04142b5 <unknown>
#6 0x58afe04148f1 <unknown>
#7 0x58afe0408e36 <unknown>
#8 0x58afe043859d <unknown>
#9 0x58afe0408d28 <unknown>
#10 0x58afe043873e <unknown>
#11 0x58afe0456c4e <unknown>
#12 0x58afe0438313 <unknown>
#13 0x58afe0406fcf <unknown>
#14 0x58afe0407fee <unknown>
#15 0x58afe086c2df <unknown>
#16 0x58afe08703fd <unknown>
#17 0x58afe085a977 <unknown>
#18 0x58afe0870b71 <unknown>
#19 0x58afe084296e <unknown>
#20 0x58afe088cc18 <unknown>
#21 0x58afe088ce1a <unknown>
#22 0x58afe089cb6c <unknown>
#23 0x71f0ec3afac3 <unknown>

scanning link :https://www.uio.no/studier/emner/hf/iln/MULTI4120/v25/timeplan/index.html
could not scan /studier/emner/hf/iln/MULTI4120/index.html: list index out of range
scanning link :https://www.uio.no/studier/emner/hf/iln/MULTI4130/v25/timeplan/index.html
could not scan /studier/emner/hf/iln/MULTI4130/index.html: list index out of range
scanning link :https://www.uio.no/studier/emner/hf/iln/MULTI4150/v25/timeplan/index.html
scanning link :https://www.uio.no/studier/emner/hf/iln/MULTI4165/v25/timeplan/index.html
could not scan /studier/emner/hf/iln/MULTI4165/index.html: list index out of range
scanning link :https://www.uio.no/studier/emner/hf/iln/MULTI4170/v25/timeplan/index.html
could not scan /studier/emner/hf/iln/MULTI4170/index.html: list index out of range
could not scan /studier/emner/hf/iln/MULTI4180/index.html: 'NoneType' object has no attribute 'a'
could not scan /studier/emner/hf/iln/MULTI4190/index.html: 'NoneType' object has no attribute 'a'
could not scan /studier/emner/hf/iln/MULTI4195/index.html: 'NoneType' object has no attribute 'a'
scanning link :https://www.uio.no/studier/emner/hf/imv/MUS1701/v25/timeplan/index.html
scanning link :https://www.uio.no/studier/emner/hf/imv/MUS1703/v25/timeplan/index.html
scanning link :https://www.uio.no/studier/emner/hf/imv/MUS2001/v25/timeplan/index.html
could not scan /studier/emner/hf/imv/MUS2001/index.html: list index out of range
scanning link :https://www.uio.no/studier/emner/hf/imv/MUS2131/v25/timeplan/index.html
could not scan /studier/emner/hf/imv/MUS2131/index.html: list index out of range
scanning link :https://www.uio.no/studier/emner/hf/imv/MUS2133/v25/timeplan/index.html
could not scan /studier/emner/hf/imv/MUS2133/index.html: list index out of range
scanning link :https://www.uio.no/studier/emner/hf/imv/MUS2445/v25/timeplan/index.html
could not scan /studier/emner/hf/imv/MUS2445/index.html: list index out of range
scanning link :https://www.uio.no/studier/emner/hf/imv/MUS2721/v25/timeplan/index.html
scanning link :https://www.uio.no/studier/emner/hf/imv/MUS2723/v25/timeplan/index.html
could not scan /studier/emner/hf/imv/MUS2723/index.html: list index out of range
scanning link :https://www.uio.no/studier/emner/hf/imv/MUS2730/v25/timeplan/index.html
could not scan /studier/emner/hf/imv/MUS2730/index.html: list index out of range
scanning link :https://www.uio.no/studier/emner/hf/imv/MUS3090/v25/timeplan/index.html
could not scan /studier/emner/hf/imv/MUS3090/index.html: list index out of range
scanning link :https://www.uio.no/studier/emner/hf/imv/MUS3091/v25/timeplan/index.html
could not scan /studier/emner/hf/imv/MUS3091/index.html: list index out of range
scanning link :https://www.uio.no/studier/emner/hf/imv/MUS4090/v25/timeplan/index.html
could not scan /studier/emner/hf/imv/MUS4090/index.html: list index out of range
scanning link :https://www.uio.no/studier/emner/hf/imv/MUS4091/v25/timeplan/index.html
could not scan /studier/emner/hf/imv/MUS4091/index.html: list index out of range
scanning link :https://www.uio.no/studier/emner/hf/imv/MUS4137/v25/timeplan/index.html
could not scan /studier/emner/hf/imv/MUS4137/index.html: list index out of range
scanning link :https://www.uio.no/studier/emner/hf/imv/MUS4226/v25/timeplan/index.html
could not scan /studier/emner/hf/imv/MUS4226/index.html: list index out of range
scanning link :https://www.uio.no/studier/emner/hf/imv/MUS4262/v25/timeplan/index.html
could not scan /studier/emner/hf/imv/MUS4262/index.html: list index out of range
scanning link :https://www.uio.no/studier/emner/hf/imv/MUS4311/v25/timeplan/index.html
could not scan /studier/emner/hf/imv/MUS4311/index.html: list index out of range
scanning link :https://www.uio.no/studier/emner/hf/imv/MUS4531/v25/timeplan/index.html
could not scan /studier/emner/hf/imv/MUS4531/index.html: list index out of range
scanning link :https://www.uio.no/studier/emner/hf/imv/MUS4687/v25/timeplan/index.html
scanning link :https://www.uio.no/studier/emner/hf/imv/MUS4730/v25/timeplan/index.html
could not scan /studier/emner/hf/imv/MUS4730/index.html: list index out of range
scanning link :https://www.uio.no/studier/emner/hf/ikos/MUSKUL4590/v25/timeplan/index.html
could not scan /studier/emner/hf/ikos/MUSKUL4590/index.html: list index out of range
scanning link :https://www.uio.no/studier/emner/hf/ikos/MUSKUL4910/v25/timeplan/index.html
could not scan /studier/emner/hf/ikos/MUSKUL4910/index.html: list index out of range
scanning link :https://www.uio.no/studier/emner/hf/ikos/MONA1505/v25/timeplan/index.html
could not scan /studier/emner/hf/ikos/MONA1505/index.html: list index out of range
scanning link :https://www.uio.no/studier/emner/hf/ikos/MONA2507/v25/timeplan/index.html
could not scan /studier/emner/hf/ikos/MONA2507/index.html: list index out of range
scanning link :https://www.uio.no/studier/emner/hf/ikos/MONA3000/v25/timeplan/index.html
could not scan /studier/emner/hf/ikos/MONA3000/index.html: list index out of range
scanning link :https://www.uio.no/studier/emner/matnat/kjemi/NAT2000/v25/timeplan/index.html
could not scan /studier/emner/matnat/kjemi/NAT2000/index.html: list index out of range
could not scan /studier/emner/matnat/fys/NAT2020V/index.html: 'NoneType' object has no attribute 'a'
scanning link :https://www.uio.no/studier/emner/matnat/natfag/NAT3000/v25/timeplan/index.html
could not scan /studier/emner/matnat/natfag/NAT3000/index.html: list index out of range
scanning link :https://www.uio.no/studier/emner/matnat/natfag/NAT4020/v25/timeplan/index.html
could not scan /studier/emner/matnat/natfag/NAT4020/index.html: list index out of range
scanning link :https://www.uio.no/studier/emner/matnat/fys/NAT4040/v25/timeplan/index.html
could not scan /studier/emner/matnat/fys/NAT4040/index.html: list index out of range
scanning link :https://www.uio.no/studier/emner/uv/ils/NATDID4001/v25/timeplan/index.html
could not scan /studier/emner/uv/ils/NATDID4001/index.html: list index out of range
could not scan /studier/emner/uv/ils/NATDID4009/index.html: 'NoneType' object has no attribute 'a'
could not scan /studier/emner/matnat/natfag/NATDID4901V/index.html: 'NoneType' object has no attribute 'a'
scanning link :https://www.uio.no/studier/emner/uv/ils/NDID4001/v25/timeplan/index.html
could not scan /studier/emner/uv/ils/NDID4001/index.html: list index out of range
could not scan /studier/emner/uv/ils/NDID4009/index.html: 'NoneType' object has no attribute 'a'
scanning link :https://www.uio.no/studier/emner/hf/iln/NFI1320/v25/timeplan/index.html
could not scan /studier/emner/hf/iln/NFI1320/index.html: list index out of range
scanning link :https://www.uio.no/studier/emner/hf/iln/NFI2102/v25/timeplan/index.html
could not scan /studier/emner/hf/iln/NFI2102/index.html: list index out of range
scanning link :https://www.uio.no/studier/emner/hf/iln/NFI2120/v25/timeplan/index.html
could not scan /studier/emner/hf/iln/NFI2120/index.html: list index out of range
scanning link :https://www.uio.no/studier/emner/hf/iln/NFI2140/v25/timeplan/index.html
could not scan /studier/emner/hf/iln/NFI2140/index.html: list index out of range
could not scan /studier/emner/hf/iln/NFI3080/index.html: 'NoneType' object has no attribute 'a'
could not scan /studier/emner/hf/iln/NFI4080/index.html: 'NoneType' object has no attribute 'a'
scanning link :https://www.uio.no/studier/emner/hf/iln/NFI4111/v25/timeplan/index.html
could not scan /studier/emner/hf/iln/NFI4111/index.html: list index out of range
scanning link :https://www.uio.no/studier/emner/hf/iln/NFI4122/v25/timeplan/index.html
could not scan /studier/emner/hf/iln/NFI4122/index.html: list index out of range
scanning link :https://www.uio.no/studier/emner/hf/iln/NOAS1100/v25/timeplan/index.html
could not scan /studier/emner/hf/iln/NOAS1100/index.html: list index out of range
scanning link :https://www.uio.no/studier/emner/hf/iln/NOAS2101/v25/timeplan/index.html
could not scan /studier/emner/hf/iln/NOAS2101/index.html: list index out of range
scanning link :https://www.uio.no/studier/emner/hf/iln/NOAS2105/v25/timeplan/index.html
could not scan /studier/emner/hf/iln/NOAS2105/index.html: list index out of range
scanning link :https://www.uio.no/studier/emner/hf/iln/NOAS2301/v25/timeplan/index.html
could not scan /studier/emner/hf/iln/NOAS2301/index.html: list index out of range
scanning link :https://www.uio.no/studier/emner/hf/iln/NOAS4102/v25/timeplan/index.html
could not scan /studier/emner/hf/iln/NOAS4102/index.html: list index out of range
scanning link :https://www.uio.no/studier/emner/hf/iln/NOAS4105/v25/timeplan/index.html
could not scan /studier/emner/hf/iln/NOAS4105/index.html: list index out of range
could not scan /studier/emner/hf/iln/NOAS4180/index.html: 'NoneType' object has no attribute 'a'
could not scan /studier/emner/hf/iln/NOAS4190/index.html: 'NoneType' object has no attribute 'a'
could not scan /studier/emner/hf/iln/NOAS4194/index.html: 'NoneType' object has no attribute 'a'
could not scan /studier/emner/hf/iln/NOAS4195/index.html: 'NoneType' object has no attribute 'a'
scanning link :https://www.uio.no/studier/emner/hf/iln/NOR1100/v25/timeplan/index.html
could not scan /studier/emner/hf/iln/NOR1100/index.html: list index out of range
scanning link :https://www.uio.no/studier/emner/hf/iln/NOR1300/v25/timeplan/index.html
could not scan /studier/emner/hf/iln/NOR1300/index.html: list index out of range
scanning link :https://www.uio.no/studier/emner/hf/iln/NOR1301/v25/timeplan/index.html
could not scan /studier/emner/hf/iln/NOR1301/index.html: list index out of range
scanning link :https://www.uio.no/studier/emner/hf/iln/NOR2101/v25/timeplan/index.html
could not scan /studier/emner/hf/iln/NOR2101/index.html: list index out of range
scanning link :https://www.uio.no/studier/emner/hf/iln/NOR2120/v25/timeplan/index.html
could not scan /studier/emner/hf/iln/NOR2120/index.html: list index out of range
scanning link :https://www.uio.no/studier/emner/hf/iln/NOR2310/v25/timeplan/index.html
could not scan /studier/emner/hf/iln/NOR2310/index.html: list index out of range
scanning link :https://www.uio.no/studier/emner/hf/iln/NOR2312/v25/timeplan/index.html
could not scan /studier/emner/hf/iln/NOR2312/index.html: list index out of range
scanning link :https://www.uio.no/studier/emner/hf/iln/NOR2315/v25/timeplan/index.html
could not scan /studier/emner/hf/iln/NOR2315/index.html: list index out of range
could not scan /studier/emner/hf/iln/NOR2320/index.html: 'NoneType' object has no attribute 'a'
could not scan /studier/emner/hf/iln/NOR2369/index.html: 'NoneType' object has no attribute 'a'
scanning link :https://www.uio.no/studier/emner/hf/iln/NOR2440/v25/timeplan/index.html
could not scan /studier/emner/hf/iln/NOR2440/index.html: list index out of range
scanning link :https://www.uio.no/studier/emner/hf/iln/NOR3090/v25/timeplan/index.html
could not scan /studier/emner/hf/iln/NOR3090/index.html: list index out of range
could not scan /studier/emner/hf/iln/NOR4090/index.html: 'NoneType' object has no attribute 'a'
could not scan /studier/emner/hf/iln/NOR4091/index.html: 'NoneType' object has no attribute 'a'
scanning link :https://www.uio.no/studier/emner/hf/iln/NOR4100/v25/timeplan/index.html
could not scan /studier/emner/hf/iln/NOR4100/index.html: list index out of range
scanning link :https://www.uio.no/studier/emner/hf/iln/NOR4103/v25/timeplan/index.html
could not scan /studier/emner/hf/iln/NOR4103/index.html: list index out of range
scanning link :https://www.uio.no/studier/emner/hf/iln/NOR4120/v25/timeplan/index.html
could not scan /studier/emner/hf/iln/NOR4120/index.html: list index out of range
could not scan /studier/emner/hf/iln/NOR4174/index.html: list index out of range
scanning link :https://www.uio.no/studier/emner/hf/iln/NOR4175/v25/timeplan/index.html
could not scan /studier/emner/hf/iln/NOR4175/index.html: list index out of range
could not scan /studier/emner/hf/iln/NOR4180/index.html: 'NoneType' object has no attribute 'a'
could not scan /studier/emner/hf/iln/NOR4190/index.html: 'NoneType' object has no attribute 'a'
could not scan /studier/emner/hf/iln/NOR4194/index.html: 'NoneType' object has no attribute 'a'
could not scan /studier/emner/hf/iln/NOR4195/index.html: 'NoneType' object has no attribute 'a'
scanning link :https://www.uio.no/studier/emner/hf/iln/NOR4310/v25/timeplan/index.html
could not scan /studier/emner/hf/iln/NOR4310/index.html: list index out of range
scanning link :https://www.uio.no/studier/emner/hf/iln/NOR4312/v25/timeplan/index.html
could not scan /studier/emner/hf/iln/NOR4312/index.html: list index out of range
could not scan /studier/emner/hf/iln/NOR4320/index.html: 'NoneType' object has no attribute 'a'
could not scan /studier/emner/hf/iln/NOR4394/index.html: 'NoneType' object has no attribute 'a'
could not scan /studier/emner/hf/iln/NOR4395/index.html: 'NoneType' object has no attribute 'a'
scanning link :https://www.uio.no/studier/emner/hf/iln/NOR4430/v25/timeplan/index.html
could not scan /studier/emner/hf/iln/NOR4430/index.html: list index out of range
scanning link :https://www.uio.no/studier/emner/hf/iln/NOR4460/v25/timeplan/index.html
could not scan /studier/emner/hf/iln/NOR4460/index.html: list index out of range
could not scan /studier/emner/hf/iln/NOR4490/index.html: 'NoneType' object has no attribute 'a'
could not scan /studier/emner/iss/nora-sommerskolen/NORA0110/index.html: list index out of range
could not scan /studier/emner/iss/nora-sommerskolen/NORA0120/index.html: list index out of range
scanning link :https://www.uio.no/studier/emner/iss/nora-sommerskolen/NORA0130/v25/timeplan/index.html
could not scan /studier/emner/iss/nora-sommerskolen/NORA0130/index.html: Message: stale element reference: stale element not found in the current frame
  (Session info: chrome=131.0.6778.139); For documentation on this error, please visit: https://www.selenium.dev/documentation/webdriver/troubleshooting/errors#stale-element-reference-exception
Stacktrace:
#0 0x58afe089defa <unknown>
#1 0x58afe03c66c0 <unknown>
#2 0x58afe03cc3fa <unknown>
#3 0x58afe03ce8c3 <unknown>
#4 0x58afe03ce973 <unknown>
#5 0x58afe04142b5 <unknown>
#6 0x58afe04148f1 <unknown>
#7 0x58afe0408e36 <unknown>
#8 0x58afe043859d <unknown>
#9 0x58afe0408d28 <unknown>
#10 0x58afe043873e <unknown>
#11 0x58afe0456c4e <unknown>
#12 0x58afe0438313 <unknown>
#13 0x58afe0406fcf <unknown>
#14 0x58afe0407fee <unknown>
#15 0x58afe086c2df <unknown>
#16 0x58afe08703fd <unknown>
#17 0x58afe085a977 <unknown>
#18 0x58afe0870b71 <unknown>
#19 0x58afe084296e <unknown>
#20 0x58afe088cc18 <unknown>
#21 0x58afe088ce1a <unknown>
#22 0x58afe089cb6c <unknown>
#23 0x71f0ec3afac3 <unknown>

scanning link :https://www.uio.no/studier/emner/iss/nora-sommerskolen/NORA0130D/v25/timeplan/index.html
could not scan /studier/emner/iss/nora-sommerskolen/NORA0130D/index.html: Message: stale element reference: stale element not found in the current frame
  (Session info: chrome=131.0.6778.139); For documentation on this error, please visit: https://www.selenium.dev/documentation/webdriver/troubleshooting/errors#stale-element-reference-exception
Stacktrace:
#0 0x58afe089defa <unknown>
#1 0x58afe03c66c0 <unknown>
#2 0x58afe03cc3fa <unknown>
#3 0x58afe03ce8c3 <unknown>
#4 0x58afe03ce973 <unknown>
#5 0x58afe040ede2 <unknown>
#6 0x58afe0438572 <unknown>
#7 0x58afe0408d28 <unknown>
#8 0x58afe043873e <unknown>
#9 0x58afe0456c4e <unknown>
#10 0x58afe0438313 <unknown>
#11 0x58afe0406fcf <unknown>
#12 0x58afe0407fee <unknown>
#13 0x58afe086c2df <unknown>
#14 0x58afe08703fd <unknown>
#15 0x58afe085a977 <unknown>
#16 0x58afe0870b71 <unknown>
#17 0x58afe084296e <unknown>
#18 0x58afe088cc18 <unknown>
#19 0x58afe088ce1a <unknown>
#20 0x58afe089cb6c <unknown>
#21 0x71f0ec3afac3 <unknown>

scanning link :https://www.uio.no/studier/emner/hf/iln/NORINT0105M/v25/timeplan/index.html
could not scan /studier/emner/hf/iln/NORINT0105M/index.html: list index out of range
scanning link :https://www.uio.no/studier/emner/hf/iln/NORINT0106M/v25/timeplan/index.html
could not scan /studier/emner/hf/iln/NORINT0106M/index.html: list index out of range
scanning link :https://www.uio.no/studier/emner/hf/iln/NORINT0110/v25/timeplan/index.html
could not scan /studier/emner/hf/iln/NORINT0110/index.html: list index out of range
scanning link :https://www.uio.no/studier/emner/hf/iln/NORINT0114/v25/timeplan/index.html
could not scan /studier/emner/hf/iln/NORINT0114/index.html: list index out of range
scanning link :https://www.uio.no/studier/emner/hf/iln/NORINT0120/v25/timeplan/index.html
could not scan /studier/emner/hf/iln/NORINT0120/index.html: Message: stale element reference: stale element not found in the current frame
  (Session info: chrome=131.0.6778.139); For documentation on this error, please visit: https://www.selenium.dev/documentation/webdriver/troubleshooting/errors#stale-element-reference-exception
Stacktrace:
#0 0x58afe089defa <unknown>
#1 0x58afe03c66c0 <unknown>
#2 0x58afe03cc3fa <unknown>
#3 0x58afe03ce8c3 <unknown>
#4 0x58afe03ce973 <unknown>
#5 0x58afe040ede2 <unknown>
#6 0x58afe0438572 <unknown>
#7 0x58afe0408d28 <unknown>
#8 0x58afe043873e <unknown>
#9 0x58afe0456c4e <unknown>
#10 0x58afe0438313 <unknown>
#11 0x58afe0406fcf <unknown>
#12 0x58afe0407fee <unknown>
#13 0x58afe086c2df <unknown>
#14 0x58afe08703fd <unknown>
#15 0x58afe085a977 <unknown>
#16 0x58afe0870b71 <unknown>
#17 0x58afe084296e <unknown>
#18 0x58afe088cc18 <unknown>
#19 0x58afe088ce1a <unknown>
#20 0x58afe089cb6c <unknown>
#21 0x71f0ec3afac3 <unknown>

scanning link :https://www.uio.no/studier/emner/hf/iln/NORINT0130/v25/timeplan/index.html
could not scan /studier/emner/hf/iln/NORINT0130/index.html: list index out of range
scanning link :https://www.uio.no/studier/emner/hf/iln/NORINT0141/v25/timeplan/index.html
could not scan /studier/emner/hf/iln/NORINT0141/index.html: list index out of range
scanning link :https://www.uio.no/studier/emner/hf/iln/NORINT0142/v25/timeplan/index.html
scanning link :https://www.uio.no/studier/emner/hf/iln/NORINT0190/v25/timeplan/index.html
could not scan /studier/emner/hf/iln/NORINT0190/index.html: list index out of range
scanning link :https://www.uio.no/studier/emner/hf/iln/NORINT0500/v25/timeplan/index.html
could not scan /studier/emner/hf/iln/NORINT0500/index.html: list index out of range
scanning link :https://www.uio.no/studier/emner/hf/iln/NORINT2014/v25/timeplan/index.html
could not scan /studier/emner/hf/iln/NORINT2014/index.html: list index out of range
scanning link :https://www.uio.no/studier/emner/hf/iln/NORINT2112/v25/timeplan/index.html
could not scan /studier/emner/hf/iln/NORINT2112/index.html: list index out of range
scanning link :https://www.uio.no/studier/emner/hf/iln/NORINT2115/v25/timeplan/index.html
could not scan /studier/emner/hf/iln/NORINT2115/index.html: list index out of range
could not scan /studier/emner/jus/jus/NSELP4002/index.html: 'NoneType' object has no attribute 'a'
could not scan /studier/emner/matnat/fys/NUK5960/index.html: 'NoneType' object has no attribute 'a'
scanning link :https://www.uio.no/studier/emner/sv/sv/OADM3090/v25/timeplan/index.html
could not scan /studier/emner/sv/sv/OADM3090/index.html: list index out of range
could not scan /studier/emner/odont/tannlege/OD1100/index.html: 'NoneType' object has no attribute 'a'
scanning link :https://www.uio.no/studier/emner/odont/tannlege/OD2200/v25/timeplan/index.html
could not scan /studier/emner/odont/tannlege/OD2200/index.html: list index out of range
scanning link :https://www.uio.no/studier/emner/odont/tannlege/OD3200/v25/timeplan/index.html
scanning link :https://www.uio.no/studier/emner/odont/tannlege/OD4200/v25/timeplan/index.html
scanning link :https://www.uio.no/studier/emner/odont/tannlege/OD5200/v25/timeplan/index.html
scanning link :https://www.uio.no/studier/emner/odont/spesialistutdanningen/OD8012/v25/timeplan/index.html
could not scan /studier/emner/odont/spesialistutdanningen/OD8012/index.html: list index out of range
could not scan /studier/emner/odont/spesialistutdanningen/OD8055/index.html: 'NoneType' object has no attribute 'a'
could not scan /studier/emner/odont/spesialistutdanningen/OD8056/index.html: 'NoneType' object has no attribute 'a'
scanning link :https://www.uio.no/studier/emner/odont/spesialistutdanningen/OD8061/v25/timeplan/index.html
could not scan /studier/emner/odont/spesialistutdanningen/OD8061/index.html: list index out of range
could not scan /studier/emner/odont/spesialistutdanningen/OD8095/index.html: 'NoneType' object has no attribute 'a'
could not scan /studier/emner/odont/spesialistutdanningen/OD8140/index.html: 'NoneType' object has no attribute 'a'
could not scan /studier/emner/odont/spesialistutdanningen/OD8240/index.html: 'NoneType' object has no attribute 'a'
could not scan /studier/emner/odont/spesialistutdanningen/OD8340/index.html: 'NoneType' object has no attribute 'a'
could not scan /studier/emner/odont/spesialistutdanningen/OD8440/index.html: 'NoneType' object has no attribute 'a'
could not scan /studier/emner/odont/spesialistutdanningen/OD8480/index.html: 'NoneType' object has no attribute 'a'
could not scan /studier/emner/odont/spesialistutdanningen/OD8495/index.html: 'NoneType' object has no attribute 'a'
could not scan /studier/emner/odont/spesialistutdanningen/OD8540/index.html: 'NoneType' object has no attribute 'a'
could not scan /studier/emner/odont/spesialistutdanningen/OD8640/index.html: 'NoneType' object has no attribute 'a'
could not scan /studier/emner/odont/spesialistutdanningen/OD8740/index.html: 'NoneType' object has no attribute 'a'
scanning link :https://www.uio.no/studier/emner/sv/sv/OLA4090/v25/timeplan/index.html
could not scan /studier/emner/sv/sv/OLA4090/index.html: list index out of range
could not scan /studier/emner/sv/statsvitenskap/PECOS4006/index.html: 'NoneType' object has no attribute 'a'
could not scan /studier/emner/hf/iakh/PECOS4095/index.html: 'NoneType' object has no attribute 'a'
scanning link :https://www.uio.no/studier/emner/sv/statsvitenskap/PECOS4111/v25/timeplan/index.html
could not scan /studier/emner/sv/statsvitenskap/PECOS4111/index.html: list index out of range
scanning link :https://www.uio.no/studier/emner/uv/iped/PED1002/v25/timeplan/index.html
could not scan /studier/emner/uv/iped/PED1002/index.html: list index out of range
scanning link :https://www.uio.no/studier/emner/uv/iped/PED1020/v25/timeplan/index.html
could not scan /studier/emner/uv/iped/PED1020/index.html: list index out of range
scanning link :https://www.uio.no/studier/emner/uv/iped/PED2102/v25/timeplan/index.html
could not scan /studier/emner/uv/iped/PED2102/index.html: list index out of range
scanning link :https://www.uio.no/studier/emner/uv/iped/PED2202/v25/timeplan/index.html
could not scan /studier/emner/uv/iped/PED2202/index.html: list index out of range
scanning link :https://www.uio.no/studier/emner/uv/iped/PED2306/v25/timeplan/index.html
could not scan /studier/emner/uv/iped/PED2306/index.html: list index out of range
scanning link :https://www.uio.no/studier/emner/uv/iped/PED2505/v25/timeplan/index.html
could not scan /studier/emner/uv/iped/PED2505/index.html: list index out of range
scanning link :https://www.uio.no/studier/emner/uv/iped/PED2802/v25/timeplan/index.html
could not scan /studier/emner/uv/iped/PED2802/index.html: list index out of range
scanning link :https://www.uio.no/studier/emner/uv/iped/PED3090/v25/timeplan/index.html
could not scan /studier/emner/uv/iped/PED3090/index.html: Message: stale element reference: stale element not found in the current frame
  (Session info: chrome=131.0.6778.139); For documentation on this error, please visit: https://www.selenium.dev/documentation/webdriver/troubleshooting/errors#stale-element-reference-exception
Stacktrace:
#0 0x58afe089defa <unknown>
#1 0x58afe03c66c0 <unknown>
#2 0x58afe03cc3fa <unknown>
#3 0x58afe03ce8c3 <unknown>
#4 0x58afe03ce973 <unknown>
#5 0x58afe040ede2 <unknown>
#6 0x58afe0438572 <unknown>
#7 0x58afe0408d28 <unknown>
#8 0x58afe043873e <unknown>
#9 0x58afe0456c4e <unknown>
#10 0x58afe0438313 <unknown>
#11 0x58afe0406fcf <unknown>
#12 0x58afe0407fee <unknown>
#13 0x58afe086c2df <unknown>
#14 0x58afe08703fd <unknown>
#15 0x58afe085a977 <unknown>
#16 0x58afe0870b71 <unknown>
#17 0x58afe084296e <unknown>
#18 0x58afe088cc18 <unknown>
#19 0x58afe088ce1a <unknown>
#20 0x58afe089cb6c <unknown>
#21 0x71f0ec3afac3 <unknown>

scanning link :https://www.uio.no/studier/emner/uv/iped/PED4102/v25/timeplan/index.html
could not scan /studier/emner/uv/iped/PED4102/index.html: list index out of range
scanning link :https://www.uio.no/studier/emner/uv/iped/PED4103/v25/timeplan/index.html
could not scan /studier/emner/uv/iped/PED4103/index.html: list index out of range
scanning link :https://www.uio.no/studier/emner/uv/iped/PED4191/v25/timeplan/index.html
could not scan /studier/emner/uv/iped/PED4191/index.html: list index out of range
scanning link :https://www.uio.no/studier/emner/uv/iped/PED4304/v25/timeplan/index.html
could not scan /studier/emner/uv/iped/PED4304/index.html: list index out of range
scanning link :https://www.uio.no/studier/emner/uv/iped/PED4305/v25/timeplan/index.html
could not scan /studier/emner/uv/iped/PED4305/index.html: list index out of range
scanning link :https://www.uio.no/studier/emner/uv/iped/PED4306/v25/timeplan/index.html
could not scan /studier/emner/uv/iped/PED4306/index.html: list index out of range
scanning link :https://www.uio.no/studier/emner/uv/iped/PED4392/v25/timeplan/index.html
could not scan /studier/emner/uv/iped/PED4392/index.html: list index out of range
scanning link :https://www.uio.no/studier/emner/uv/iped/PED4402/v25/timeplan/index.html
could not scan /studier/emner/uv/iped/PED4402/index.html: list index out of range
scanning link :https://www.uio.no/studier/emner/uv/iped/PED4403/v25/timeplan/index.html
could not scan /studier/emner/uv/iped/PED4403/index.html: list index out of range
scanning link :https://www.uio.no/studier/emner/uv/iped/PED4481/v25/timeplan/index.html
could not scan /studier/emner/uv/iped/PED4481/index.html: list index out of range
scanning link :https://www.uio.no/studier/emner/uv/iped/PED4491/v25/timeplan/index.html
could not scan /studier/emner/uv/iped/PED4491/index.html: list index out of range
scanning link :https://www.uio.no/studier/emner/uv/iped/PED4503/v25/timeplan/index.html
could not scan /studier/emner/uv/iped/PED4503/index.html: list index out of range
scanning link :https://www.uio.no/studier/emner/uv/iped/PED4505/v25/timeplan/index.html
could not scan /studier/emner/uv/iped/PED4505/index.html: list index out of range
scanning link :https://www.uio.no/studier/emner/uv/iped/PED4581/v25/timeplan/index.html
could not scan /studier/emner/uv/iped/PED4581/index.html: list index out of range
scanning link :https://www.uio.no/studier/emner/uv/iped/PED4591/v25/timeplan/index.html
could not scan /studier/emner/uv/iped/PED4591/index.html: list index out of range
scanning link :https://www.uio.no/studier/emner/hf/ikos/PER1020/v25/timeplan/index.html
could not scan /studier/emner/hf/ikos/PER1020/index.html: list index out of range
could not scan /studier/emner/hf/ikos/PER2010/index.html: 'NoneType' object has no attribute 'a'
scanning link :https://www.uio.no/studier/emner/hf/ikos/PER3020/v25/timeplan/index.html
could not scan /studier/emner/hf/ikos/PER3020/index.html: list index out of range
could not scan /studier/emner/jus/jus/PILTHESIS/index.html: 'NoneType' object has no attribute 'a'
could not scan /studier/emner/hf/ilos/POL1002/index.html: 'NoneType' object has no attribute 'a'
could not scan /studier/emner/hf/ilos/POL2103/index.html: 'NoneType' object has no attribute 'a'
could not scan /studier/emner/hf/ilos/POL4091/index.html: 'NoneType' object has no attribute 'a'
could not scan /studier/emner/hf/ilos/POL4121/index.html: 'NoneType' object has no attribute 'a'
scanning link :https://www.uio.no/studier/emner/hf/ilos/POR1101/v25/timeplan/index.html
could not scan /studier/emner/hf/ilos/POR1101/index.html: list index out of range
scanning link :https://www.uio.no/studier/emner/hf/ilos/POR2102/v25/timeplan/index.html
could not scan /studier/emner/hf/ilos/POR4090/index.html: 'NoneType' object has no attribute 'a'
could not scan /studier/emner/hf/ilos/POR4091/index.html: 'NoneType' object has no attribute 'a'
could not scan /studier/emner/hf/ilos/POR4103/index.html: 'NoneType' object has no attribute 'a'
could not scan /studier/emner/hf/ilos/POR4104/index.html: 'NoneType' object has no attribute 'a'
scanning link :https://www.uio.no/studier/emner/hf/ilos/POR4501/v25/timeplan/index.html
scanning link :https://www.uio.no/studier/emner/hf/ifikk/PPE3090/v25/timeplan/index.html
could not scan /studier/emner/hf/ifikk/PPE3090/index.html: list index out of range
scanning link :https://www.uio.no/studier/emner/uv/ils/PPU3220/v25/timeplan/index.html
scanning link :https://www.uio.no/studier/emner/uv/ils/PPU3510D/v25/timeplan/index.html
scanning link :https://www.uio.no/studier/emner/uv/ils/PROF3025/v25/timeplan/index.html
scanning link :https://www.uio.no/studier/emner/uv/ils/PROMO10/v25/timeplan/index.html
scanning link :https://www.uio.no/studier/emner/uv/ils/PROMO2/v25/timeplan/index.html
could not scan /studier/emner/uv/ils/PROMO2/index.html: list index out of range
scanning link :https://www.uio.no/studier/emner/uv/ils/PROMO4/v25/timeplan/index.html
scanning link :https://www.uio.no/studier/emner/uv/ils/PROMO6/v25/timeplan/index.html
could not scan /studier/emner/uv/ils/PROMO6/index.html: list index out of range
scanning link :https://www.uio.no/studier/emner/uv/ils/PROMO8/v25/timeplan/index.html
scanning link :https://www.uio.no/studier/emner/sv/psykologi/PSY1010/v25/timeplan/index.html
could not scan /studier/emner/sv/psykologi/PSY1010/index.html: list index out of range
scanning link :https://www.uio.no/studier/emner/sv/psykologi/PSY1100/v25/timeplan/index.html
scanning link :https://www.uio.no/studier/emner/sv/psykologi/PSY1300/v25/timeplan/index.html
scanning link :https://www.uio.no/studier/emner/sv/psykologi/PSY2014/v25/timeplan/index.html
could not scan /studier/emner/sv/psykologi/PSY2014/index.html: list index out of range
could not scan /studier/emner/sv/psykologi/PSY2102/index.html: 'NoneType' object has no attribute 'a'
scanning link :https://www.uio.no/studier/emner/sv/psykologi/PSY2103/v25/timeplan/index.html
could not scan /studier/emner/sv/psykologi/PSY2103/index.html: list index out of range
scanning link :https://www.uio.no/studier/emner/sv/psykologi/PSY2208/v25/timeplan/index.html
scanning link :https://www.uio.no/studier/emner/sv/psykologi/PSY2405/v25/timeplan/index.html
scanning link :https://www.uio.no/studier/emner/sv/psykologi/PSY2500/v25/timeplan/index.html
could not scan /studier/emner/sv/psykologi/PSY2500/index.html: list index out of range
scanning link :https://www.uio.no/studier/emner/sv/psykologi/PSY2507/v25/timeplan/index.html
could not scan /studier/emner/sv/psykologi/PSY2507/index.html: list index out of range
scanning link :https://www.uio.no/studier/emner/sv/psykologi/PSY2507B/v25/timeplan/index.html
could not scan /studier/emner/sv/psykologi/PSY2507B/index.html: list index out of range
scanning link :https://www.uio.no/studier/emner/sv/psykologi/PSY3091/v25/timeplan/index.html
could not scan /studier/emner/sv/psykologi/PSY3091/index.html: list index out of range
scanning link :https://www.uio.no/studier/emner/sv/psykologi/PSY3092/v25/timeplan/index.html
could not scan /studier/emner/sv/psykologi/PSY3092/index.html: list index out of range
scanning link :https://www.uio.no/studier/emner/sv/psykologi/PSY3093/v25/timeplan/index.html
could not scan /studier/emner/sv/psykologi/PSY3093/index.html: list index out of range
scanning link :https://www.uio.no/studier/emner/sv/psykologi/PSY3094/v25/timeplan/index.html
could not scan /studier/emner/sv/psykologi/PSY3094/index.html: list index out of range
scanning link :https://www.uio.no/studier/emner/sv/psykologi/PSY3095/v25/timeplan/index.html
could not scan /studier/emner/sv/psykologi/PSY3095/index.html: list index out of range
scanning link :https://www.uio.no/studier/emner/sv/psykologi/PSY4020/v25/timeplan/index.html
could not scan /studier/emner/sv/psykologi/PSY4020/index.html: list index out of range
could not scan /studier/emner/sv/psykologi/PSY4090/index.html: 'NoneType' object has no attribute 'a'
could not scan /studier/emner/sv/psykologi/PSY4091/index.html: 'NoneType' object has no attribute 'a'
could not scan /studier/emner/sv/psykologi/PSY4092/index.html: 'NoneType' object has no attribute 'a'
scanning link :https://www.uio.no/studier/emner/sv/psykologi/PSY4110/v25/timeplan/index.html
could not scan /studier/emner/sv/psykologi/PSY4110/index.html: list index out of range
scanning link :https://www.uio.no/studier/emner/sv/psykologi/PSY4115/v25/timeplan/index.html
could not scan /studier/emner/sv/psykologi/PSY4115/index.html: list index out of range
scanning link :https://www.uio.no/studier/emner/sv/psykologi/PSY4116/v25/timeplan/index.html
could not scan /studier/emner/sv/psykologi/PSY4116/index.html: list index out of range
scanning link :https://www.uio.no/studier/emner/sv/psykologi/PSY4130/v25/timeplan/index.html
could not scan /studier/emner/sv/psykologi/PSY4130/index.html: list index out of range
scanning link :https://www.uio.no/studier/emner/sv/psykologi/PSY4140/v25/timeplan/index.html
could not scan /studier/emner/sv/psykologi/PSY4140/index.html: list index out of range
scanning link :https://www.uio.no/studier/emner/sv/psykologi/PSY4205/v25/timeplan/index.html
could not scan /studier/emner/sv/psykologi/PSY4205/index.html: list index out of range
scanning link :https://www.uio.no/studier/emner/sv/psykologi/PSY4206/v25/timeplan/index.html
could not scan /studier/emner/sv/psykologi/PSY4206/index.html: list index out of range
scanning link :https://www.uio.no/studier/emner/sv/psykologi/PSY4301B/v25/timeplan/index.html
could not scan /studier/emner/sv/psykologi/PSY4301B/index.html: list index out of range
scanning link :https://www.uio.no/studier/emner/sv/psykologi/PSY4309/v25/timeplan/index.html
could not scan /studier/emner/sv/psykologi/PSY4309/index.html: list index out of range
scanning link :https://www.uio.no/studier/emner/sv/psykologi/PSY4311/v25/timeplan/index.html
could not scan /studier/emner/sv/psykologi/PSY4311/index.html: list index out of range
scanning link :https://www.uio.no/studier/emner/sv/psykologi/PSY4312/v25/timeplan/index.html
could not scan /studier/emner/sv/psykologi/PSY4312/index.html: list index out of range
scanning link :https://www.uio.no/studier/emner/sv/psykologi/PSY4315/v25/timeplan/index.html
could not scan /studier/emner/sv/psykologi/PSY4315/index.html: list index out of range
scanning link :https://www.uio.no/studier/emner/sv/psykologi/PSY4316/v25/timeplan/index.html
could not scan /studier/emner/sv/psykologi/PSY4317/index.html: 'NoneType' object has no attribute 'a'
scanning link :https://www.uio.no/studier/emner/sv/psykologi/PSY4320/v25/timeplan/index.html
could not scan /studier/emner/sv/psykologi/PSY4320/index.html: list index out of range
scanning link :https://www.uio.no/studier/emner/sv/psykologi/PSY4401B/v25/timeplan/index.html
could not scan /studier/emner/sv/psykologi/PSY4401B/index.html: list index out of range
could not scan /studier/emner/sv/psykologi/PSY4420/index.html: 'NoneType' object has no attribute 'a'
scanning link :https://www.uio.no/studier/emner/sv/psykologi/PSY4430/v25/timeplan/index.html
could not scan /studier/emner/sv/psykologi/PSY4430/index.html: list index out of range
scanning link :https://www.uio.no/studier/emner/sv/psykologi/PSY4502B/v25/timeplan/index.html
could not scan /studier/emner/sv/psykologi/PSY4502B/index.html: list index out of range
scanning link :https://www.uio.no/studier/emner/sv/psykologi/PSY4506/v25/timeplan/index.html
could not scan /studier/emner/sv/psykologi/PSY4506/index.html: list index out of range
scanning link :https://www.uio.no/studier/emner/sv/psykologi/PSY4521/v25/timeplan/index.html
could not scan /studier/emner/sv/psykologi/PSY4521/index.html: list index out of range
scanning link :https://www.uio.no/studier/emner/sv/psykologi/PSY9170/v25/timeplan/index.html
could not scan /studier/emner/sv/psykologi/PSY9170/index.html: list index out of range
scanning link :https://www.uio.no/studier/emner/sv/psykologi/PSY9175/v25/timeplan/index.html
scanning link :https://www.uio.no/studier/emner/sv/psykologi/PSY9185/v25/timeplan/index.html
could not scan /studier/emner/sv/psykologi/PSY9185/index.html: list index out of range
scanning link :https://www.uio.no/studier/emner/sv/psykologi/PSY9190/v25/timeplan/index.html
could not scan /studier/emner/sv/psykologi/PSY9190/index.html: list index out of range
scanning link :https://www.uio.no/studier/emner/sv/psykologi/PSY9195/v25/timeplan/index.html
scanning link :https://www.uio.no/studier/emner/sv/psykologi/PSY9250/v25/timeplan/index.html
could not scan /studier/emner/sv/psykologi/PSY9250/index.html: list index out of range
scanning link :https://www.uio.no/studier/emner/sv/psykologi/PSY9250B/v25/timeplan/index.html
could not scan /studier/emner/sv/psykologi/PSY9250B/index.html: list index out of range
scanning link :https://www.uio.no/studier/emner/sv/psykologi/PSY9301A/v25/timeplan/index.html
could not scan /studier/emner/sv/psykologi/PSY9301A/index.html: list index out of range
scanning link :https://www.uio.no/studier/emner/sv/psykologi/PSY9301B/v25/timeplan/index.html
could not scan /studier/emner/sv/psykologi/PSY9301B/index.html: list index out of range
scanning link :https://www.uio.no/studier/emner/sv/psykologi/PSY9301C/v25/timeplan/index.html
could not scan /studier/emner/sv/psykologi/PSY9301C/index.html: list index out of range
scanning link :https://www.uio.no/studier/emner/sv/psykologi/PSY9302A/v25/timeplan/index.html
could not scan /studier/emner/sv/psykologi/PSY9302A/index.html: list index out of range
scanning link :https://www.uio.no/studier/emner/sv/psykologi/PSY9302B/v25/timeplan/index.html
could not scan /studier/emner/sv/psykologi/PSY9302B/index.html: list index out of range
scanning link :https://www.uio.no/studier/emner/sv/psykologi/PSY9302C/v25/timeplan/index.html
could not scan /studier/emner/sv/psykologi/PSY9302C/index.html: list index out of range
scanning link :https://www.uio.no/studier/emner/sv/psykologi/PSY9303A/v25/timeplan/index.html
scanning link :https://www.uio.no/studier/emner/sv/psykologi/PSY9303B/v25/timeplan/index.html
could not scan /studier/emner/sv/psykologi/PSY9303B/index.html: list index out of range
scanning link :https://www.uio.no/studier/emner/sv/psykologi/PSY9303C/v25/timeplan/index.html
could not scan /studier/emner/sv/psykologi/PSY9303C/index.html: list index out of range
scanning link :https://www.uio.no/studier/emner/sv/psykologi/PSY9304A/v25/timeplan/index.html
could not scan /studier/emner/sv/psykologi/PSY9304A/index.html: list index out of range
scanning link :https://www.uio.no/studier/emner/sv/psykologi/PSY9304B/v25/timeplan/index.html
could not scan /studier/emner/sv/psykologi/PSY9304B/index.html: list index out of range
scanning link :https://www.uio.no/studier/emner/sv/psykologi/PSY9304C/v25/timeplan/index.html
could not scan /studier/emner/sv/psykologi/PSY9304C/index.html: list index out of range
scanning link :https://www.uio.no/studier/emner/sv/psykologi/PSY9305A/v25/timeplan/index.html
could not scan /studier/emner/sv/psykologi/PSY9305A/index.html: list index out of range
scanning link :https://www.uio.no/studier/emner/sv/psykologi/PSY9305B/v25/timeplan/index.html
could not scan /studier/emner/sv/psykologi/PSY9305B/index.html: list index out of range
scanning link :https://www.uio.no/studier/emner/sv/psykologi/PSY9305C/v25/timeplan/index.html
could not scan /studier/emner/sv/psykologi/PSY9305C/index.html: list index out of range
scanning link :https://www.uio.no/studier/emner/sv/psykologi/PSY9306A/v25/timeplan/index.html
could not scan /studier/emner/sv/psykologi/PSY9306A/index.html: list index out of range
scanning link :https://www.uio.no/studier/emner/sv/psykologi/PSY9306B/v25/timeplan/index.html
could not scan /studier/emner/sv/psykologi/PSY9306B/index.html: list index out of range
scanning link :https://www.uio.no/studier/emner/sv/psykologi/PSY9306C/v25/timeplan/index.html
could not scan /studier/emner/sv/psykologi/PSY9306C/index.html: list index out of range
scanning link :https://www.uio.no/studier/emner/sv/psykologi/PSY9307A/v25/timeplan/index.html
could not scan /studier/emner/sv/psykologi/PSY9307A/index.html: list index out of range
scanning link :https://www.uio.no/studier/emner/sv/psykologi/PSY9307B/v25/timeplan/index.html
could not scan /studier/emner/sv/psykologi/PSY9307B/index.html: list index out of range
scanning link :https://www.uio.no/studier/emner/sv/psykologi/PSY9307C/v25/timeplan/index.html
could not scan /studier/emner/sv/psykologi/PSY9307C/index.html: list index out of range
scanning link :https://www.uio.no/studier/emner/sv/psykologi/PSY9308A/v25/timeplan/index.html
scanning link :https://www.uio.no/studier/emner/sv/psykologi/PSY9308B/v25/timeplan/index.html
scanning link :https://www.uio.no/studier/emner/sv/psykologi/PSY9308C/v25/timeplan/index.html
scanning link :https://www.uio.no/studier/emner/sv/psykologi/PSY9311/v25/timeplan/index.html
could not scan /studier/emner/sv/psykologi/PSY9311/index.html: list index out of range
scanning link :https://www.uio.no/studier/emner/sv/psykologi/PSY9401A/v25/timeplan/index.html
could not scan /studier/emner/sv/psykologi/PSY9401A/index.html: list index out of range
scanning link :https://www.uio.no/studier/emner/sv/psykologi/PSY9401B/v25/timeplan/index.html
could not scan /studier/emner/sv/psykologi/PSY9401B/index.html: list index out of range
scanning link :https://www.uio.no/studier/emner/sv/psykologi/PSY9510/v25/timeplan/index.html
could not scan /studier/emner/sv/psykologi/PSY9510/index.html: list index out of range
scanning link :https://www.uio.no/studier/emner/sv/psykologi/PSY9511/v25/timeplan/index.html
could not scan /studier/emner/sv/psykologi/PSY9511/index.html: list index out of range
could not scan /studier/emner/sv/psykologi/PSY9550/index.html: 'NoneType' object has no attribute 'jsonExport'
scanning link :https://www.uio.no/studier/emner/sv/psykologi/PSYC1100/v25/timeplan/index.html
scanning link :https://www.uio.no/studier/emner/sv/psykologi/PSYC1201/v25/timeplan/index.html
scanning link :https://www.uio.no/studier/emner/sv/psykologi/PSYC1202/v25/timeplan/index.html
scanning link :https://www.uio.no/studier/emner/sv/psykologi/PSYC1203/v25/timeplan/index.html
could not scan /studier/emner/sv/psykologi/PSYC1203/index.html: Message: stale element reference: stale element not found in the current frame
  (Session info: chrome=131.0.6778.139); For documentation on this error, please visit: https://www.selenium.dev/documentation/webdriver/troubleshooting/errors#stale-element-reference-exception
Stacktrace:
#0 0x58afe089defa <unknown>
#1 0x58afe03c66c0 <unknown>
#2 0x58afe03cc3fa <unknown>
#3 0x58afe03ce8c3 <unknown>
#4 0x58afe03ce973 <unknown>
#5 0x58afe04142b5 <unknown>
#6 0x58afe04148f1 <unknown>
#7 0x58afe0408e36 <unknown>
#8 0x58afe043859d <unknown>
#9 0x58afe0408d28 <unknown>
#10 0x58afe043873e <unknown>
#11 0x58afe0456c4e <unknown>
#12 0x58afe0438313 <unknown>
#13 0x58afe0406fcf <unknown>
#14 0x58afe0407fee <unknown>
#15 0x58afe086c2df <unknown>
#16 0x58afe08703fd <unknown>
#17 0x58afe085a977 <unknown>
#18 0x58afe0870b71 <unknown>
#19 0x58afe084296e <unknown>
#20 0x58afe088cc18 <unknown>
#21 0x58afe088ce1a <unknown>
#22 0x58afe089cb6c <unknown>
#23 0x71f0ec3afac3 <unknown>

scanning link :https://www.uio.no/studier/emner/sv/psykologi/PSYC1230/v25/timeplan/index.html
scanning link :https://www.uio.no/studier/emner/sv/psykologi/PSYC1302/v25/timeplan/index.html
scanning link :https://www.uio.no/studier/emner/sv/psykologi/PSYC2104/v25/timeplan/index.html
could not scan /studier/emner/sv/psykologi/PSYC2104/index.html: list index out of range
scanning link :https://www.uio.no/studier/emner/sv/psykologi/PSYC2210/v25/timeplan/index.html
could not scan /studier/emner/sv/psykologi/PSYC2210/index.html: list index out of range
scanning link :https://www.uio.no/studier/emner/sv/psykologi/PSYC2230/v25/timeplan/index.html
could not scan /studier/emner/sv/psykologi/PSYC2230/index.html: list index out of range
scanning link :https://www.uio.no/studier/emner/sv/psykologi/PSYC2231/v25/timeplan/index.html
could not scan /studier/emner/sv/psykologi/PSYC2231/index.html: list index out of range
scanning link :https://www.uio.no/studier/emner/sv/psykologi/PSYC2302/v25/timeplan/index.html
could not scan /studier/emner/sv/psykologi/PSYC2302/index.html: list index out of range
scanning link :https://www.uio.no/studier/emner/sv/psykologi/PSYC2410/v25/timeplan/index.html
could not scan /studier/emner/sv/psykologi/PSYC2410/index.html: list index out of range
scanning link :https://www.uio.no/studier/emner/sv/psykologi/PSYC2502/v25/timeplan/index.html
scanning link :https://www.uio.no/studier/emner/sv/psykologi/PSYC3100/v25/timeplan/index.html
scanning link :https://www.uio.no/studier/emner/sv/psykologi/PSYC3103/v25/timeplan/index.html
could not scan /studier/emner/sv/psykologi/PSYC3103/index.html: list index out of range
scanning link :https://www.uio.no/studier/emner/sv/psykologi/PSYC3220/v25/timeplan/index.html
could not scan /studier/emner/sv/psykologi/PSYC3220/index.html: list index out of range
scanning link :https://www.uio.no/studier/emner/sv/psykologi/PSYC3300/v25/timeplan/index.html
could not scan /studier/emner/sv/psykologi/PSYC3300/index.html: list index out of range
scanning link :https://www.uio.no/studier/emner/sv/psykologi/PSYC3314/v25/timeplan/index.html
could not scan /studier/emner/sv/psykologi/PSYC3314/index.html: list index out of range
scanning link :https://www.uio.no/studier/emner/sv/psykologi/PSYC3402/v25/timeplan/index.html
could not scan /studier/emner/sv/psykologi/PSYC3402/index.html: list index out of range
scanning link :https://www.uio.no/studier/emner/sv/psykologi/PSYC3501/v25/timeplan/index.html
could not scan /studier/emner/sv/psykologi/PSYC3501/index.html: list index out of range
scanning link :https://www.uio.no/studier/emner/sv/psykologi/PSYC3511/v25/timeplan/index.html
could not scan /studier/emner/sv/psykologi/PSYC4301/index.html: 'NoneType' object has no attribute 'a'
scanning link :https://www.uio.no/studier/emner/sv/psykologi/PSYC4302/v25/timeplan/index.html
could not scan /studier/emner/sv/psykologi/PSYC4302/index.html: Message: stale element reference: stale element not found in the current frame
  (Session info: chrome=131.0.6778.139); For documentation on this error, please visit: https://www.selenium.dev/documentation/webdriver/troubleshooting/errors#stale-element-reference-exception
Stacktrace:
#0 0x58afe089defa <unknown>
#1 0x58afe03c66c0 <unknown>
#2 0x58afe03cc3fa <unknown>
#3 0x58afe03ce8c3 <unknown>
#4 0x58afe03ce973 <unknown>
#5 0x58afe040ede2 <unknown>
#6 0x58afe0438572 <unknown>
#7 0x58afe0408d28 <unknown>
#8 0x58afe043873e <unknown>
#9 0x58afe0456c4e <unknown>
#10 0x58afe0438313 <unknown>
#11 0x58afe0406fcf <unknown>
#12 0x58afe0407fee <unknown>
#13 0x58afe086c2df <unknown>
#14 0x58afe08703fd <unknown>
#15 0x58afe085a977 <unknown>
#16 0x58afe0870b71 <unknown>
#17 0x58afe084296e <unknown>
#18 0x58afe088cc18 <unknown>
#19 0x58afe088ce1a <unknown>
#20 0x58afe089cb6c <unknown>
#21 0x71f0ec3afac3 <unknown>

could not scan /studier/emner/sv/psykologi/PSYC4305/index.html: 'NoneType' object has no attribute 'a'
scanning link :https://www.uio.no/studier/emner/sv/psykologi/PSYC4310/v25/timeplan/index.html
could not scan /studier/emner/sv/psykologi/PSYC4310/index.html: list index out of range
scanning link :https://www.uio.no/studier/emner/sv/psykologi/PSYC4315/v25/timeplan/index.html
scanning link :https://www.uio.no/studier/emner/sv/psykologi/PSYC4320/v25/timeplan/index.html
could not scan /studier/emner/sv/psykologi/PSYC4320/index.html: list index out of range
scanning link :https://www.uio.no/studier/emner/sv/psykologi/PSYC4330/v25/timeplan/index.html
could not scan /studier/emner/sv/psykologi/PSYC4330/index.html: list index out of range
could not scan /studier/emner/sv/psykologi/PSYC4400/index.html: 'NoneType' object has no attribute 'a'
could not scan /studier/emner/sv/psykologi/PSYC4401/index.html: 'NoneType' object has no attribute 'a'
scanning link :https://www.uio.no/studier/emner/sv/psykologi/PSYC4415/v25/timeplan/index.html
could not scan /studier/emner/sv/psykologi/PSYC4415/index.html: Message: stale element reference: stale element not found in the current frame
  (Session info: chrome=131.0.6778.139); For documentation on this error, please visit: https://www.selenium.dev/documentation/webdriver/troubleshooting/errors#stale-element-reference-exception
Stacktrace:
#0 0x58afe089defa <unknown>
#1 0x58afe03c66c0 <unknown>
#2 0x58afe03cc3fa <unknown>
#3 0x58afe03ce8c3 <unknown>
#4 0x58afe03ce973 <unknown>
#5 0x58afe040ede2 <unknown>
#6 0x58afe0438572 <unknown>
#7 0x58afe0408d28 <unknown>
#8 0x58afe043873e <unknown>
#9 0x58afe0456c4e <unknown>
#10 0x58afe0438313 <unknown>
#11 0x58afe0406fcf <unknown>
#12 0x58afe0407fee <unknown>
#13 0x58afe086c2df <unknown>
#14 0x58afe08703fd <unknown>
#15 0x58afe085a977 <unknown>
#16 0x58afe0870b71 <unknown>
#17 0x58afe084296e <unknown>
#18 0x58afe088cc18 <unknown>
#19 0x58afe088ce1a <unknown>
#20 0x58afe089cb6c <unknown>
#21 0x71f0ec3afac3 <unknown>

could not scan /studier/emner/sv/psykologi/PSYC4500/index.html: 'NoneType' object has no attribute 'a'
scanning link :https://www.uio.no/studier/emner/sv/psykologi/PSYC5301/v25/timeplan/index.html
could not scan /studier/emner/sv/psykologi/PSYC5301/index.html: list index out of range
could not scan /studier/emner/sv/psykologi/PSYC5303/index.html: 'NoneType' object has no attribute 'a'
scanning link :https://www.uio.no/studier/emner/sv/psykologi/PSYC5315/v25/timeplan/index.html
could not scan /studier/emner/sv/psykologi/PSYC5315/index.html: list index out of range
could not scan /studier/emner/sv/psykologi/PSYC5401/index.html: 'NoneType' object has no attribute 'a'
scanning link :https://www.uio.no/studier/emner/sv/psykologi/PSYC5410/v25/timeplan/index.html
could not scan /studier/emner/sv/psykologi/PSYC5410/index.html: Message: stale element reference: stale element not found in the current frame
  (Session info: chrome=131.0.6778.139); For documentation on this error, please visit: https://www.selenium.dev/documentation/webdriver/troubleshooting/errors#stale-element-reference-exception
Stacktrace:
#0 0x58afe089defa <unknown>
#1 0x58afe03c66c0 <unknown>
#2 0x58afe03cc3fa <unknown>
#3 0x58afe03ce8c3 <unknown>
#4 0x58afe03ce973 <unknown>
#5 0x58afe040ede2 <unknown>
#6 0x58afe0438572 <unknown>
#7 0x58afe0408d28 <unknown>
#8 0x58afe043873e <unknown>
#9 0x58afe0456c4e <unknown>
#10 0x58afe0438313 <unknown>
#11 0x58afe0406fcf <unknown>
#12 0x58afe0407fee <unknown>
#13 0x58afe086c2df <unknown>
#14 0x58afe08703fd <unknown>
#15 0x58afe085a977 <unknown>
#16 0x58afe0870b71 <unknown>
#17 0x58afe084296e <unknown>
#18 0x58afe088cc18 <unknown>
#19 0x58afe088ce1a <unknown>
#20 0x58afe089cb6c <unknown>
#21 0x71f0ec3afac3 <unknown>

could not scan /studier/emner/sv/psykologi/PSYC6100/index.html: 'NoneType' object has no attribute 'a'
could not scan /studier/emner/sv/psykologi/PSYC6310/index.html: 'NoneType' object has no attribute 'a'
could not scan /studier/emner/sv/psykologi/PSYC6320/index.html: 'NoneType' object has no attribute 'a'
could not scan /studier/emner/sv/psykologi/PSYC6340/index.html: 'NoneType' object has no attribute 'a'
scanning link :https://www.uio.no/studier/emner/sv/psykologi/PSYC6350/v25/timeplan/index.html
could not scan /studier/emner/sv/psykologi/PSYC6350/index.html: list index out of range
scanning link :https://www.uio.no/studier/emner/sv/psykologi/PSYC6502/v25/timeplan/index.html
could not scan /studier/emner/sv/psykologi/PSYC6502/index.html: list index out of range
scanning link :https://www.uio.no/studier/emner/sv/psykologi/PSYC6512/v25/timeplan/index.html
could not scan /studier/emner/sv/psykologi/PSYC6512/index.html: list index out of range
could not scan /studier/emner/sv/psykologi/PSYC6513/index.html: 'NoneType' object has no attribute 'a'
could not scan /studier/emner/sv/psykologi/PSYC6514/index.html: 'NoneType' object has no attribute 'a'
could not scan /studier/emner/sv/psykologi/PSYC6517/index.html: 'NoneType' object has no attribute 'a'
scanning link :https://www.uio.no/studier/emner/sv/psykologi/PSYC6518/v25/timeplan/index.html
could not scan /studier/emner/sv/psykologi/PSYC6518/index.html: list index out of range
scanning link :https://www.uio.no/studier/emner/sv/psykologi/PSYC6519/v25/timeplan/index.html
could not scan /studier/emner/sv/psykologi/PSYC6519/index.html: list index out of range
could not scan /studier/emner/sv/psykologi/PSYFL5000/index.html: 'NoneType' object has no attribute 'a'
could not scan /studier/emner/sv/psykologi/PSYFL5005/index.html: 'NoneType' object has no attribute 'a'
could not scan /studier/emner/sv/psykologi/PSYFL5010/index.html: 'NoneType' object has no attribute 'a'
could not scan /studier/emner/sv/psykologi/PSYFL5050/index.html: 'NoneType' object has no attribute 'a'
could not scan /studier/emner/sv/psykologi/PSYFL5090/index.html: 'NoneType' object has no attribute 'a'
scanning link :https://www.uio.no/studier/emner/sv/psykologi/PSYFL5301/v25/timeplan/index.html
could not scan /studier/emner/sv/psykologi/PSYFL5301/index.html: list index out of range
scanning link :https://www.uio.no/studier/emner/sv/psykologi/PSYFL5401/v25/timeplan/index.html
could not scan /studier/emner/sv/psykologi/PSYFL5401/index.html: list index out of range
scanning link :https://www.uio.no/studier/emner/sv/psykologi/PSYFL5402/v25/timeplan/index.html
could not scan /studier/emner/sv/psykologi/PSYFL5402/index.html: list index out of range
scanning link :https://www.uio.no/studier/emner/sv/psykologi/PSYFL5404/v25/timeplan/index.html
could not scan /studier/emner/sv/psykologi/PSYFL5404/index.html: list index out of range
scanning link :https://www.uio.no/studier/emner/sv/psykologi/PSYFL5405/v25/timeplan/index.html
could not scan /studier/emner/sv/psykologi/PSYFL5405/index.html: list index out of range
scanning link :https://www.uio.no/studier/emner/sv/psykologi/PSYFL5406/v25/timeplan/index.html
could not scan /studier/emner/sv/psykologi/PSYFL5406/index.html: list index out of range
scanning link :https://www.uio.no/studier/emner/sv/psykologi/PSYFL5407/v25/timeplan/index.html
scanning link :https://www.uio.no/studier/emner/sv/psykologi/PSYM4020/v25/timeplan/index.html
could not scan /studier/emner/sv/psykologi/PSYM4020/index.html: list index out of range
scanning link :https://www.uio.no/studier/emner/sv/psykologi/PSYM4110/v25/timeplan/index.html
could not scan /studier/emner/sv/psykologi/PSYM4110/index.html: list index out of range
scanning link :https://www.uio.no/studier/emner/sv/psykologi/PSYM4115/v25/timeplan/index.html
scanning link :https://www.uio.no/studier/emner/sv/psykologi/PSYM4130/v25/timeplan/index.html
could not scan /studier/emner/sv/psykologi/PSYM4130/index.html: list index out of range
scanning link :https://www.uio.no/studier/emner/sv/psykologi/PSYM4301B/v25/timeplan/index.html
scanning link :https://www.uio.no/studier/emner/sv/psykologi/PSYM4506/v25/timeplan/index.html
could not scan /studier/emner/sv/psykologi/PSYM4506/index.html: list index out of range
could not scan /studier/emner/sv/psykologi/PSYM4810/index.html: 'NoneType' object has no attribute 'a'
could not scan /studier/emner/sv/psykologi/PSYM4811/index.html: 'NoneType' object has no attribute 'a'
could not scan /studier/emner/sv/psykologi/PSYM4821/index.html: 'NoneType' object has no attribute 'a'
could not scan /studier/emner/sv/psykologi/PSYM4830/index.html: 'NoneType' object has no attribute 'a'
scanning link :https://www.uio.no/studier/emner/teologi/tf/REDI4302/v25/timeplan/index.html
could not scan /studier/emner/teologi/tf/REDI4302/index.html: list index out of range
scanning link :https://www.uio.no/studier/emner/hf/ikos/REL1001/v25/timeplan/index.html
could not scan /studier/emner/hf/ikos/REL1001/index.html: list index out of range
scanning link :https://www.uio.no/studier/emner/hf/ikos/REL2230/v25/timeplan/index.html
could not scan /studier/emner/hf/ikos/REL2230/index.html: list index out of range
scanning link :https://www.uio.no/studier/emner/hf/ikos/REL2250/v25/timeplan/index.html
could not scan /studier/emner/hf/ikos/REL2250/index.html: Message: stale element reference: stale element not found in the current frame
  (Session info: chrome=131.0.6778.139); For documentation on this error, please visit: https://www.selenium.dev/documentation/webdriver/troubleshooting/errors#stale-element-reference-exception
Stacktrace:
#0 0x58afe089defa <unknown>
#1 0x58afe03c66c0 <unknown>
#2 0x58afe03cc3fa <unknown>
#3 0x58afe03ce8c3 <unknown>
#4 0x58afe03ce973 <unknown>
#5 0x58afe04142b5 <unknown>
#6 0x58afe04148f1 <unknown>
#7 0x58afe0408e36 <unknown>
#8 0x58afe043859d <unknown>
#9 0x58afe0408d28 <unknown>
#10 0x58afe043873e <unknown>
#11 0x58afe0456c4e <unknown>
#12 0x58afe0438313 <unknown>
#13 0x58afe0406fcf <unknown>
#14 0x58afe0407fee <unknown>
#15 0x58afe086c2df <unknown>
#16 0x58afe08703fd <unknown>
#17 0x58afe085a977 <unknown>
#18 0x58afe0870b71 <unknown>
#19 0x58afe084296e <unknown>
#20 0x58afe088cc18 <unknown>
#21 0x58afe088ce1a <unknown>
#22 0x58afe089cb6c <unknown>
#23 0x71f0ec3afac3 <unknown>

scanning link :https://www.uio.no/studier/emner/hf/ikos/REL3060/v25/timeplan/index.html
could not scan /studier/emner/hf/ikos/REL3060/index.html: list index out of range
scanning link :https://www.uio.no/studier/emner/hf/ikos/REL3090/v25/timeplan/index.html
could not scan /studier/emner/hf/ikos/REL3090/index.html: list index out of range
scanning link :https://www.uio.no/studier/emner/hf/ikos/REL4002/v25/timeplan/index.html
could not scan /studier/emner/hf/ikos/REL4002/index.html: list index out of range
scanning link :https://www.uio.no/studier/emner/hf/ikos/REL4112/v25/timeplan/index.html
scanning link :https://www.uio.no/studier/emner/hf/ikos/rel4991/v25/timeplan/index.html
scanning link :https://www.uio.no/studier/emner/uv/ils/RELDID4001/v25/timeplan/index.html
could not scan /studier/emner/uv/ils/RELDID4001/index.html: list index out of range
could not scan /studier/emner/uv/ils/RELDID4009/index.html: 'NoneType' object has no attribute 'a'
scanning link :https://www.uio.no/studier/emner/teologi/tf/RESA1002/v25/timeplan/index.html
could not scan /studier/emner/teologi/tf/RESA1002/index.html: list index out of range
scanning link :https://www.uio.no/studier/emner/teologi/tf/RESA3221/v25/timeplan/index.html
could not scan /studier/emner/teologi/tf/RESA3221/index.html: list index out of range
scanning link :https://www.uio.no/studier/emner/teologi/tf/RESA3900/v25/timeplan/index.html
could not scan /studier/emner/teologi/tf/RESA3900/index.html: list index out of range
scanning link :https://www.uio.no/studier/emner/teologi/tf/RESA4221/v25/timeplan/index.html
could not scan /studier/emner/teologi/tf/RESA4221/index.html: list index out of range
scanning link :https://www.uio.no/studier/emner/teologi/tf/RESA4302/v25/timeplan/index.html
could not scan /studier/emner/teologi/tf/RESA4302/index.html: list index out of range
scanning link :https://www.uio.no/studier/emner/hf/iln/RETKOM1102/v25/timeplan/index.html
could not scan /studier/emner/hf/iln/RETKOM1102/index.html: list index out of range
scanning link :https://www.uio.no/studier/emner/hf/iln/RETKOM2103/v25/timeplan/index.html
could not scan /studier/emner/hf/iln/RETKOM2103/index.html: list index out of range
scanning link :https://www.uio.no/studier/emner/hf/iln/RETKOM2105/v25/timeplan/index.html
could not scan /studier/emner/hf/iln/RETKOM2105/index.html: list index out of range
scanning link :https://www.uio.no/studier/emner/hf/iln/RETKOM3104/v25/timeplan/index.html
could not scan /studier/emner/hf/iln/RETKOM3104/index.html: list index out of range
could not scan /studier/emner/hf/iln/RETKOM4102/index.html: 'NoneType' object has no attribute 'a'
scanning link :https://www.uio.no/studier/emner/hf/iln/RETKOM4104/v25/timeplan/index.html
could not scan /studier/emner/hf/iln/RETKOM4104/index.html: list index out of range
scanning link :https://www.uio.no/studier/emner/hf/iln/RETKOM4110/v25/timeplan/index.html
could not scan /studier/emner/hf/iln/RETKOM4110/index.html: list index out of range
could not scan /studier/emner/hf/iln/RETKOM4112/index.html: 'NoneType' object has no attribute 'a'
scanning link :https://www.uio.no/studier/emner/hf/iln/RETKOM4113/v25/timeplan/index.html
could not scan /studier/emner/hf/iln/RETKOM4113/index.html: list index out of range
scanning link :https://www.uio.no/studier/emner/hf/iln/RETKOM4123/v25/timeplan/index.html
could not scan /studier/emner/hf/iln/RETKOM4123/index.html: list index out of range
could not scan /studier/emner/hf/iln/RETKOM4180/index.html: 'NoneType' object has no attribute 'a'
could not scan /studier/emner/hf/iln/RETKOM4190/index.html: 'NoneType' object has no attribute 'a'
could not scan /studier/emner/hf/iln/RETKOM4194/index.html: 'NoneType' object has no attribute 'a'
could not scan /studier/emner/hf/iln/RETKOM4195/index.html: 'NoneType' object has no attribute 'a'
scanning link :https://www.uio.no/studier/emner/jus/jus/RINF1100/v25/timeplan/index.html
could not scan /studier/emner/jus/jus/RINF1100/index.html: list index out of range
scanning link :https://www.uio.no/studier/emner/teologi/tf/RRE4206/v25/timeplan/index.html
could not scan /studier/emner/teologi/tf/RRE4206/index.html: list index out of range
scanning link :https://www.uio.no/studier/emner/teologi/tf/RRE4302/v25/timeplan/index.html
could not scan /studier/emner/teologi/tf/RRE4302/index.html: list index out of range
scanning link :https://www.uio.no/studier/emner/uv/isp/RSNE4100/v25/timeplan/index.html
could not scan /studier/emner/uv/isp/RSNE4100/index.html: list index out of range
scanning link :https://www.uio.no/studier/emner/jus/ikrs/RSOS2952/v25/timeplan/index.html
could not scan /studier/emner/jus/ikrs/RSOS2952/index.html: list index out of range
scanning link :https://www.uio.no/studier/emner/jus/ikrs/RSOS4102/v25/timeplan/index.html
could not scan /studier/emner/jus/ikrs/RSOS4102/index.html: list index out of range
scanning link :https://www.uio.no/studier/emner/jus/ikrs/RSOS4952/v25/timeplan/index.html
could not scan /studier/emner/jus/ikrs/RSOS4952/index.html: list index out of range
scanning link :https://www.uio.no/studier/emner/jus/ikrs/RSOS5001/v25/timeplan/index.html
scanning link :https://www.uio.no/studier/emner/hf/ilos/RUS1002/v25/timeplan/index.html
could not scan /studier/emner/hf/ilos/RUS1002/index.html: list index out of range
scanning link :https://www.uio.no/studier/emner/hf/ilos/RUS1101/v25/timeplan/index.html
could not scan /studier/emner/hf/ilos/RUS1101/index.html: list index out of range
scanning link :https://www.uio.no/studier/emner/hf/ilos/RUS1503/v25/timeplan/index.html
could not scan /studier/emner/hf/ilos/RUS1503/index.html: list index out of range
scanning link :https://www.uio.no/studier/emner/hf/ilos/RUS2102/v25/timeplan/index.html
could not scan /studier/emner/hf/ilos/RUS2102/index.html: list index out of range
scanning link :https://www.uio.no/studier/emner/hf/ilos/RUS2130/v25/timeplan/index.html
could not scan /studier/emner/hf/ilos/RUS2130/index.html: list index out of range
scanning link :https://www.uio.no/studier/emner/hf/ilos/RUS2301/v25/timeplan/index.html
could not scan /studier/emner/hf/ilos/RUS2301/index.html: list index out of range
scanning link :https://www.uio.no/studier/emner/hf/ilos/RUS3010/v25/timeplan/index.html
could not scan /studier/emner/hf/ilos/RUS3010/index.html: list index out of range
scanning link :https://www.uio.no/studier/emner/hf/ilos/RUS3310/v25/timeplan/index.html
could not scan /studier/emner/hf/ilos/RUS4090/index.html: 'NoneType' object has no attribute 'a'
scanning link :https://www.uio.no/studier/emner/hf/ilos/RUS4103/v25/timeplan/index.html
could not scan /studier/emner/hf/ilos/RUS4103/index.html: list index out of range
could not scan /studier/emner/hf/ilos/RUS4301/index.html: 'NoneType' object has no attribute 'a'
scanning link :https://www.uio.no/studier/emner/hf/ilos/RUS4302/v25/timeplan/index.html
could not scan /studier/emner/hf/ilos/RUS4302/index.html: list index out of range
could not scan /studier/emner/hf/ilos/RUS4310/index.html: 'NoneType' object has no attribute 'a'
could not scan /studier/emner/hf/ilos/RUS4390/index.html: 'NoneType' object has no attribute 'a'
could not scan /studier/emner/hf/ilos/RUS4491/index.html: 'NoneType' object has no attribute 'a'
scanning link :https://www.uio.no/studier/emner/hf/ilos/RUS4550/v25/timeplan/index.html
could not scan /studier/emner/hf/ilos/RUS4550/index.html: list index out of range
could not scan /studier/emner/hf/ilos/RUS4590/index.html: 'NoneType' object has no attribute 'a'
scanning link :https://www.uio.no/studier/emner/hf/ikos/SAS4004/v25/timeplan/index.html
scanning link :https://www.uio.no/studier/emner/hf/ikos/SAS4691/v25/timeplan/index.html
scanning link :https://www.uio.no/studier/emner/uv/ils/SDID4001/v25/timeplan/index.html
could not scan /studier/emner/uv/ils/SDID4001/index.html: list index out of range
could not scan /studier/emner/uv/ils/SDID4009/index.html: 'NoneType' object has no attribute 'a'
scanning link :https://www.uio.no/studier/emner/hf/ilos/SEU1300/v25/timeplan/index.html
could not scan /studier/emner/hf/ilos/SEU1300/index.html: list index out of range
scanning link :https://www.uio.no/studier/emner/hf/ilos/SEU2502/v25/timeplan/index.html
could not scan /studier/emner/hf/ilos/SEU2502/index.html: list index out of range
scanning link :https://www.uio.no/studier/emner/hf/ilos/SEU2503/v25/timeplan/index.html
could not scan /studier/emner/hf/ilos/SEU2503/index.html: list index out of range
scanning link :https://www.uio.no/studier/emner/hf/ilos/SEU2504/v25/timeplan/index.html
could not scan /studier/emner/hf/ilos/SEU2504/index.html: list index out of range
scanning link :https://www.uio.no/studier/emner/sv/iss/SGO1004/v25/timeplan/index.html
scanning link :https://www.uio.no/studier/emner/sv/iss/SGO2100/v25/timeplan/index.html
could not scan /studier/emner/sv/iss/SGO2100/index.html: list index out of range
scanning link :https://www.uio.no/studier/emner/sv/iss/SGO2150/v25/timeplan/index.html
could not scan /studier/emner/sv/iss/SGO2150/index.html: list index out of range
scanning link :https://www.uio.no/studier/emner/sv/iss/SGO2250/v25/timeplan/index.html
could not scan /studier/emner/sv/iss/SGO2250/index.html: list index out of range
scanning link :https://www.uio.no/studier/emner/sv/iss/SGO3090/v25/timeplan/index.html
could not scan /studier/emner/sv/iss/SGO3090/index.html: list index out of range
scanning link :https://www.uio.no/studier/emner/sv/iss/SGO9001/v25/timeplan/index.html
could not scan /studier/emner/sv/iss/SGO9001/index.html: list index out of range
scanning link :https://www.uio.no/studier/emner/sv/iss/SGO9006/v25/timeplan/index.html
could not scan /studier/emner/sv/iss/SGO9006/index.html: list index out of range
scanning link :https://www.uio.no/studier/emner/sv/iss/sgo9050/v25/timeplan/index.html
could not scan /studier/emner/sv/iss/sgo9050/index.html: list index out of range
scanning link :https://www.uio.no/studier/emner/matnat/ifi/SIFI2000/v25/timeplan/index.html
could not scan /studier/emner/matnat/ifi/SIFI2000/index.html: list index out of range
scanning link :https://www.uio.no/studier/emner/matnat/ifi/SIFI2200/v25/timeplan/index.html
could not scan /studier/emner/matnat/ifi/SIFI2200/index.html: list index out of range
scanning link :https://www.uio.no/studier/emner/hf/ilos/SLAV2102/v25/timeplan/index.html
could not scan /studier/emner/hf/ilos/SLAV2102/index.html: list index out of range
could not scan /studier/emner/hf/ilos/SLAV4000/index.html: 'NoneType' object has no attribute 'a'
scanning link :https://www.uio.no/studier/emner/hf/ilos/SLAV4102/v25/timeplan/index.html
could not scan /studier/emner/hf/ilos/SLAV4102/index.html: list index out of range
scanning link :https://www.uio.no/studier/emner/hf/ilos/slav4113/v25/timeplan/index.html
could not scan /studier/emner/hf/ilos/slav4113/index.html: list index out of range
could not scan /studier/emner/hf/ilos/SLAV4301/index.html: 'NoneType' object has no attribute 'a'
scanning link :https://www.uio.no/studier/emner/medisin/helsefag/SME4310/v25/timeplan/index.html
could not scan /studier/emner/medisin/helsefag/SME4310/index.html: list index out of range
could not scan /studier/emner/uv/isp/SNE3200/index.html: 'NoneType' object has no attribute 'a'
could not scan /studier/emner/uv/isp/SNE3310/index.html: 'NoneType' object has no attribute 'a'
could not scan /studier/emner/uv/isp/SNE4200/index.html: 'NoneType' object has no attribute 'a'
could not scan /studier/emner/uv/isp/SNE4310/index.html: 'NoneType' object has no attribute 'a'
scanning link :https://www.uio.no/studier/emner/sv/iss/SOS1100/v25/timeplan/index.html
could not scan /studier/emner/sv/iss/SOS1100/index.html: invalid literal for int() with base 10: ''
scanning link :https://www.uio.no/studier/emner/sv/iss/SOS2100/v25/timeplan/index.html
could not scan /studier/emner/sv/iss/SOS2100/index.html: list index out of range
scanning link :https://www.uio.no/studier/emner/sv/iss/SOS2200/v25/timeplan/index.html
could not scan /studier/emner/sv/iss/SOS2200/index.html: list index out of range
scanning link :https://www.uio.no/studier/emner/sv/iss/SOS2402/v25/timeplan/index.html
could not scan /studier/emner/sv/iss/SOS2402/index.html: list index out of range
scanning link :https://www.uio.no/studier/emner/sv/iss/SOS2500/v25/timeplan/index.html
could not scan /studier/emner/sv/iss/SOS2500/index.html: list index out of range
scanning link :https://www.uio.no/studier/emner/sv/iss/SOS2901/v25/timeplan/index.html
could not scan /studier/emner/sv/iss/SOS2901/index.html: list index out of range
could not scan /studier/emner/sv/iss/SOS2950/index.html: 'NoneType' object has no attribute 'jsonExport'
scanning link :https://www.uio.no/studier/emner/sv/iss/SOS3090/v25/timeplan/index.html
scanning link :https://www.uio.no/studier/emner/sv/iss/SOS4001/v25/timeplan/index.html
could not scan /studier/emner/sv/iss/SOS4001/index.html: list index out of range
scanning link :https://www.uio.no/studier/emner/sv/iss/SOS4016/v25/timeplan/index.html
scanning link :https://www.uio.no/studier/emner/sv/iss/SOS4022/v25/timeplan/index.html
scanning link :https://www.uio.no/studier/emner/sv/iss/SOS4050/v25/timeplan/index.html
could not scan /studier/emner/sv/iss/SOS4050/index.html: list index out of range
scanning link :https://www.uio.no/studier/emner/sv/iss/SOS4090/v25/timeplan/index.html
scanning link :https://www.uio.no/studier/emner/sv/iss/SOS4100/v25/timeplan/index.html
could not scan /studier/emner/sv/iss/SOS4100/index.html: list index out of range
scanning link :https://www.uio.no/studier/emner/sv/iss/SOS4200/v25/timeplan/index.html
could not scan /studier/emner/sv/iss/SOS4200/index.html: list index out of range
scanning link :https://www.uio.no/studier/emner/sv/iss/SOS4301/v25/timeplan/index.html
could not scan /studier/emner/sv/iss/SOS4301/index.html: list index out of range
scanning link :https://www.uio.no/studier/emner/sv/iss/SOS4402/v25/timeplan/index.html
could not scan /studier/emner/sv/iss/SOS4402/index.html: list index out of range
scanning link :https://www.uio.no/studier/emner/sv/iss/SOS9001/v25/timeplan/index.html
could not scan /studier/emner/sv/iss/SOS9001/index.html: list index out of range
scanning link :https://www.uio.no/studier/emner/sv/iss/SOS9006/v25/timeplan/index.html
could not scan /studier/emner/sv/iss/SOS9006/index.html: list index out of range
scanning link :https://www.uio.no/studier/emner/sv/iss/SOS9008/v25/timeplan/index.html
could not scan /studier/emner/sv/iss/SOS9008/index.html: list index out of range
scanning link :https://www.uio.no/studier/emner/sv/iss/sos9009/v25/timeplan/index.html
could not scan /studier/emner/sv/iss/sos9009/index.html: list index out of range
scanning link :https://www.uio.no/studier/emner/sv/iss/SOS9032/v25/timeplan/index.html
could not scan /studier/emner/sv/iss/SOS9032/index.html: list index out of range
scanning link :https://www.uio.no/studier/emner/sv/iss/SOS9033/v25/timeplan/index.html
could not scan /studier/emner/sv/iss/SOS9033/index.html: list index out of range
scanning link :https://www.uio.no/studier/emner/sv/iss/sos9050/v25/timeplan/index.html
could not scan /studier/emner/sv/iss/sos9050/index.html: list index out of range
could not scan /studier/emner/sv/iss/SOS9238/index.html: 'NoneType' object has no attribute 'a'
scanning link :https://www.uio.no/studier/emner/sv/sai/SOSANT1090/v25/timeplan/index.html
could not scan /studier/emner/sv/sai/SOSANT1090/index.html: list index out of range
scanning link :https://www.uio.no/studier/emner/sv/sai/SOSANT1200/v25/timeplan/index.html
could not scan /studier/emner/sv/sai/SOSANT1200/index.html: list index out of range
scanning link :https://www.uio.no/studier/emner/sv/sai/SOSANT2000/v25/timeplan/index.html
could not scan /studier/emner/sv/sai/SOSANT2000/index.html: list index out of range
could not scan /studier/emner/sv/sai/SOSANT2110/index.html: 'NoneType' object has no attribute 'a'
could not scan /studier/emner/sv/sai/SOSANT2120/index.html: 'NoneType' object has no attribute 'a'
scanning link :https://www.uio.no/studier/emner/sv/sai/SOSANT2270/v25/timeplan/index.html
could not scan /studier/emner/sv/sai/SOSANT2270/index.html: list index out of range
scanning link :https://www.uio.no/studier/emner/sv/sai/SOSANT2530/v25/timeplan/index.html
could not scan /studier/emner/sv/sai/SOSANT2530/index.html: list index out of range
scanning link :https://www.uio.no/studier/emner/sv/sai/SOSANT2600/v25/timeplan/index.html
could not scan /studier/emner/sv/sai/SOSANT2600/index.html: list index out of range
scanning link :https://www.uio.no/studier/emner/sv/sai/SOSANT3090/v25/timeplan/index.html
scanning link :https://www.uio.no/studier/emner/sv/sai/SOSANT9015/v25/timeplan/index.html
could not scan /studier/emner/sv/sai/SOSANT9015/index.html: list index out of range
scanning link :https://www.uio.no/studier/emner/sv/sai/SOSANT9016/v25/timeplan/index.html
could not scan /studier/emner/sv/sai/SOSANT9016/index.html: list index out of range
could not scan /studier/emner/sv/sai/SOSANT9100A/index.html: 'NoneType' object has no attribute 'a'
could not scan /studier/emner/sv/sai/SOSANT9100B/index.html: 'NoneType' object has no attribute 'a'
scanning link :https://www.uio.no/studier/emner/sv/iss/SOSGEO1120/v25/timeplan/index.html
scanning link :https://www.uio.no/studier/emner/sv/iss/SOSGEO2302/v25/timeplan/index.html
could not scan /studier/emner/sv/iss/SOSGEO2302/index.html: list index out of range
scanning link :https://www.uio.no/studier/emner/sv/iss/SOSGEO2800/v25/timeplan/index.html
could not scan /studier/emner/sv/iss/SOSGEO2800/index.html: list index out of range
scanning link :https://www.uio.no/studier/emner/sv/iss/SOSGEO2920/v25/timeplan/index.html
could not scan /studier/emner/sv/iss/SOSGEO2920/index.html: list index out of range
scanning link :https://www.uio.no/studier/emner/sv/iss/SOSGEO4170/v25/timeplan/index.html
could not scan /studier/emner/sv/iss/SOSGEO4170/index.html: list index out of range
scanning link :https://www.uio.no/studier/emner/sv/iss/SOSGEO4801/v25/timeplan/index.html
could not scan /studier/emner/sv/iss/SOSGEO4801/index.html: list index out of range
scanning link :https://www.uio.no/studier/emner/hf/ilos/SPA1112/v25/timeplan/index.html
could not scan /studier/emner/hf/ilos/SPA1112/index.html: list index out of range
scanning link :https://www.uio.no/studier/emner/hf/ilos/SPA1400/v25/timeplan/index.html
could not scan /studier/emner/hf/ilos/SPA1400/index.html: list index out of range
scanning link :https://www.uio.no/studier/emner/hf/ilos/SPA2101/v25/timeplan/index.html
could not scan /studier/emner/hf/ilos/SPA2101/index.html: list index out of range
scanning link :https://www.uio.no/studier/emner/hf/ilos/SPA2312/v25/timeplan/index.html
could not scan /studier/emner/hf/ilos/SPA2312/index.html: list index out of range
could not scan /studier/emner/hf/ilos/SPA2511/index.html: 'NoneType' object has no attribute 'a'
scanning link :https://www.uio.no/studier/emner/hf/ilos/SPA4000/v25/timeplan/index.html
could not scan /studier/emner/hf/ilos/SPA4000/index.html: list index out of range
scanning link :https://www.uio.no/studier/emner/hf/ilos/SPA4121/v25/timeplan/index.html
could not scan /studier/emner/hf/ilos/SPA4121/index.html: list index out of range
could not scan /studier/emner/hf/ilos/SPA4192/index.html: 'NoneType' object has no attribute 'a'
could not scan /studier/emner/hf/ilos/SPA4193/index.html: 'NoneType' object has no attribute 'a'
could not scan /studier/emner/hf/ilos/SPA4194/index.html: 'NoneType' object has no attribute 'a'
could not scan /studier/emner/hf/ilos/SPA4390/index.html: 'NoneType' object has no attribute 'a'
could not scan /studier/emner/hf/ilos/SPA4391/index.html: 'NoneType' object has no attribute 'a'
scanning link :https://www.uio.no/studier/emner/hf/ilos/SPA4502/v25/timeplan/index.html
could not scan /studier/emner/hf/ilos/SPA4502/index.html: list index out of range
could not scan /studier/emner/hf/ilos/SPA4590/index.html: 'NoneType' object has no attribute 'a'
could not scan /studier/emner/hf/ilos/SPA4591/index.html: 'NoneType' object has no attribute 'a'
scanning link :https://www.uio.no/studier/emner/uv/isp/SPED1300/v25/timeplan/index.html
could not scan /studier/emner/uv/isp/SPED1300/index.html: list index out of range
scanning link :https://www.uio.no/studier/emner/uv/isp/SPED2200/v25/timeplan/index.html
could not scan /studier/emner/uv/isp/SPED2200/index.html: list index out of range
scanning link :https://www.uio.no/studier/emner/uv/isp/SPED3002/v25/timeplan/index.html
scanning link :https://www.uio.no/studier/emner/uv/isp/SPED3004/v25/timeplan/index.html
could not scan /studier/emner/uv/isp/SPED3014/index.html: 'NoneType' object has no attribute 'a'
could not scan /studier/emner/uv/isp/SPED3024/index.html: 'NoneType' object has no attribute 'a'
scanning link :https://www.uio.no/studier/emner/uv/isp/SPED4003/v25/timeplan/index.html
could not scan /studier/emner/uv/isp/SPED4003/index.html: list index out of range
scanning link :https://www.uio.no/studier/emner/uv/isp/SPED4102/v25/timeplan/index.html
could not scan /studier/emner/uv/isp/SPED4102/index.html: list index out of range
scanning link :https://www.uio.no/studier/emner/uv/isp/SPED4103/v25/timeplan/index.html
could not scan /studier/emner/uv/isp/SPED4103/index.html: list index out of range
scanning link :https://www.uio.no/studier/emner/uv/isp/SPED4202/v25/timeplan/index.html
could not scan /studier/emner/uv/isp/SPED4202/index.html: Message: stale element reference: stale element not found in the current frame
  (Session info: chrome=131.0.6778.139); For documentation on this error, please visit: https://www.selenium.dev/documentation/webdriver/troubleshooting/errors#stale-element-reference-exception
Stacktrace:
#0 0x58afe089defa <unknown>
#1 0x58afe03c66c0 <unknown>
#2 0x58afe03cc3fa <unknown>
#3 0x58afe03ce8c3 <unknown>
#4 0x58afe03ce973 <unknown>
#5 0x58afe040ede2 <unknown>
#6 0x58afe0438572 <unknown>
#7 0x58afe0408d28 <unknown>
#8 0x58afe043873e <unknown>
#9 0x58afe0456c4e <unknown>
#10 0x58afe0438313 <unknown>
#11 0x58afe0406fcf <unknown>
#12 0x58afe0407fee <unknown>
#13 0x58afe086c2df <unknown>
#14 0x58afe08703fd <unknown>
#15 0x58afe085a977 <unknown>
#16 0x58afe0870b71 <unknown>
#17 0x58afe084296e <unknown>
#18 0x58afe088cc18 <unknown>
#19 0x58afe088ce1a <unknown>
#20 0x58afe089cb6c <unknown>
#21 0x71f0ec3afac3 <unknown>

scanning link :https://www.uio.no/studier/emner/uv/isp/SPED4203/v25/timeplan/index.html
could not scan /studier/emner/uv/isp/SPED4203/index.html: list index out of range
scanning link :https://www.uio.no/studier/emner/uv/isp/SPED4302/v25/timeplan/index.html
could not scan /studier/emner/uv/isp/SPED4302/index.html: list index out of range
scanning link :https://www.uio.no/studier/emner/uv/isp/SPED4303/v25/timeplan/index.html
could not scan /studier/emner/uv/isp/SPED4303/index.html: list index out of range
scanning link :https://www.uio.no/studier/emner/uv/isp/SPED4402/v25/timeplan/index.html
could not scan /studier/emner/uv/isp/SPED4402/index.html: list index out of range
scanning link :https://www.uio.no/studier/emner/uv/isp/SPED4403/v25/timeplan/index.html
scanning link :https://www.uio.no/studier/emner/uv/isp/SPED4602/v25/timeplan/index.html
could not scan /studier/emner/uv/isp/SPED4602/index.html: list index out of range
scanning link :https://www.uio.no/studier/emner/uv/isp/SPED4603/v25/timeplan/index.html
could not scan /studier/emner/uv/isp/SPED4603/index.html: list index out of range
could not scan /studier/emner/hf/ilos/SPR4100/index.html: 'NoneType' object has no attribute 'a'
could not scan /studier/emner/hf/ilos/SPR4104/index.html: 'NoneType' object has no attribute 'a'
scanning link :https://www.uio.no/studier/emner/hf/iln/SPR4110/v25/timeplan/index.html
could not scan /studier/emner/hf/iln/SPR4110/index.html: list index out of range
scanning link :https://www.uio.no/studier/emner/matnat/math/STK-FYS1110/v25/timeplan/index.html
could not scan /studier/emner/matnat/math/STK-FYS1110/index.html: list index out of range
scanning link :https://www.uio.no/studier/emner/matnat/math/STK-MAT2011/v25/timeplan/index.html
could not scan /studier/emner/matnat/math/STK-MAT2011/index.html: list index out of range
scanning link :https://www.uio.no/studier/emner/matnat/math/STK1100/v25/timeplan/index.html
could not scan /studier/emner/matnat/math/STK1100/index.html: list index out of range
scanning link :https://www.uio.no/studier/emner/matnat/math/STK1500/v25/timeplan/index.html
could not scan /studier/emner/matnat/math/STK1500/index.html: list index out of range
scanning link :https://www.uio.no/studier/emner/matnat/math/STK2100/v25/timeplan/index.html
could not scan /studier/emner/matnat/math/STK2100/index.html: list index out of range
scanning link :https://www.uio.no/studier/emner/matnat/math/STK2130/v25/timeplan/index.html
could not scan /studier/emner/matnat/math/STK2130/index.html: list index out of range
could not scan /studier/emner/matnat/math/STK4021/index.html: 'NoneType' object has no attribute 'a'
scanning link :https://www.uio.no/studier/emner/matnat/math/STK4051/v25/timeplan/index.html
could not scan /studier/emner/matnat/math/STK4051/index.html: list index out of range
scanning link :https://www.uio.no/studier/emner/matnat/math/STK4080/v25/timeplan/index.html
could not scan /studier/emner/matnat/math/STK4080/index.html: list index out of range
scanning link :https://www.uio.no/studier/emner/matnat/math/STK4090/v25/timeplan/index.html
could not scan /studier/emner/matnat/math/STK4090/index.html: list index out of range
could not scan /studier/emner/matnat/math/STK4141/index.html: 'NoneType' object has no attribute 'a'
could not scan /studier/emner/matnat/math/STK4150/index.html: 'NoneType' object has no attribute 'a'
scanning link :https://www.uio.no/studier/emner/matnat/math/STK4400/v25/timeplan/index.html
scanning link :https://www.uio.no/studier/emner/matnat/math/STK4500/v25/timeplan/index.html
could not scan /studier/emner/matnat/math/STK4500/index.html: list index out of range
scanning link :https://www.uio.no/studier/emner/matnat/math/STK4900/v25/timeplan/index.html
could not scan /studier/emner/matnat/math/STK4900/index.html: Message: stale element reference: stale element not found in the current frame
  (Session info: chrome=131.0.6778.139); For documentation on this error, please visit: https://www.selenium.dev/documentation/webdriver/troubleshooting/errors#stale-element-reference-exception
Stacktrace:
#0 0x58afe089defa <unknown>
#1 0x58afe03c66c0 <unknown>
#2 0x58afe03cc3fa <unknown>
#3 0x58afe03ce8c3 <unknown>
#4 0x58afe03ce973 <unknown>
#5 0x58afe04142b5 <unknown>
#6 0x58afe04148f1 <unknown>
#7 0x58afe0408e36 <unknown>
#8 0x58afe043859d <unknown>
#9 0x58afe0408d28 <unknown>
#10 0x58afe043873e <unknown>
#11 0x58afe0456c4e <unknown>
#12 0x58afe0438313 <unknown>
#13 0x58afe0406fcf <unknown>
#14 0x58afe0407fee <unknown>
#15 0x58afe086c2df <unknown>
#16 0x58afe08703fd <unknown>
#17 0x58afe085a977 <unknown>
#18 0x58afe0870b71 <unknown>
#19 0x58afe084296e <unknown>
#20 0x58afe088cc18 <unknown>
#21 0x58afe088ce1a <unknown>
#22 0x58afe089cb6c <unknown>
#23 0x71f0ec3afac3 <unknown>

could not scan /studier/emner/matnat/math/STK4930/index.html: 'NoneType' object has no attribute 'a'
could not scan /studier/emner/matnat/math/STK9021/index.html: 'NoneType' object has no attribute 'a'
scanning link :https://www.uio.no/studier/emner/matnat/math/STK9051/v25/timeplan/index.html
could not scan /studier/emner/matnat/math/STK9051/index.html: list index out of range
scanning link :https://www.uio.no/studier/emner/matnat/math/STK9080/v25/timeplan/index.html
could not scan /studier/emner/matnat/math/STK9080/index.html: list index out of range
scanning link :https://www.uio.no/studier/emner/matnat/math/STK9090/v25/timeplan/index.html
could not scan /studier/emner/matnat/math/STK9090/index.html: list index out of range
could not scan /studier/emner/matnat/math/STK9141/index.html: 'NoneType' object has no attribute 'a'
could not scan /studier/emner/matnat/math/STK9150/index.html: 'NoneType' object has no attribute 'a'
scanning link :https://www.uio.no/studier/emner/matnat/math/STK9400/v25/timeplan/index.html
scanning link :https://www.uio.no/studier/emner/matnat/math/STK9500/v25/timeplan/index.html
could not scan /studier/emner/matnat/math/STK9500/index.html: list index out of range
scanning link :https://www.uio.no/studier/emner/matnat/math/STK9900/v25/timeplan/index.html
could not scan /studier/emner/matnat/math/STK9900/index.html: list index out of range
scanning link :https://www.uio.no/studier/emner/sv/statsvitenskap/STV1020/v25/timeplan/index.html
could not scan /studier/emner/sv/statsvitenskap/STV1020/index.html: list index out of range
scanning link :https://www.uio.no/studier/emner/sv/statsvitenskap/STV1266/v25/timeplan/index.html
could not scan /studier/emner/sv/statsvitenskap/STV1266/index.html: list index out of range
scanning link :https://www.uio.no/studier/emner/sv/statsvitenskap/STV1300/v25/timeplan/index.html
could not scan /studier/emner/sv/statsvitenskap/STV1300/index.html: list index out of range
scanning link :https://www.uio.no/studier/emner/sv/statsvitenskap/STV2020/v25/timeplan/index.html
could not scan /studier/emner/sv/statsvitenskap/STV2020/index.html: list index out of range
scanning link :https://www.uio.no/studier/emner/sv/statsvitenskap/STV2110/v25/timeplan/index.html
could not scan /studier/emner/sv/statsvitenskap/STV2110/index.html: list index out of range
scanning link :https://www.uio.no/studier/emner/sv/statsvitenskap/STV2250/v25/timeplan/index.html
could not scan /studier/emner/sv/statsvitenskap/STV2250/index.html: list index out of range
scanning link :https://www.uio.no/studier/emner/sv/statsvitenskap/STV2350/v25/timeplan/index.html
could not scan /studier/emner/sv/statsvitenskap/STV2350/index.html: list index out of range
scanning link :https://www.uio.no/studier/emner/sv/statsvitenskap/STV2420/v25/timeplan/index.html
could not scan /studier/emner/sv/statsvitenskap/STV2420/index.html: list index out of range
could not scan /studier/emner/sv/statsvitenskap/STV2440/index.html: 'NoneType' object has no attribute 'a'
could not scan /studier/emner/sv/statsvitenskap/STV2500/index.html: 'NoneType' object has no attribute 'a'
scanning link :https://www.uio.no/studier/emner/sv/statsvitenskap/STV2510/v25/timeplan/index.html
could not scan /studier/emner/sv/statsvitenskap/STV2510/index.html: list index out of range
scanning link :https://www.uio.no/studier/emner/sv/statsvitenskap/STV3090/v25/timeplan/index.html
could not scan /studier/emner/sv/statsvitenskap/STV3090/index.html: list index out of range
could not scan /studier/emner/sv/statsvitenskap/STV4031/index.html: 'NoneType' object has no attribute 'a'
scanning link :https://www.uio.no/studier/emner/sv/statsvitenskap/STV4032/v25/timeplan/index.html
could not scan /studier/emner/sv/statsvitenskap/STV4032/index.html: list index out of range
could not scan /studier/emner/sv/statsvitenskap/STV4102B/index.html: 'NoneType' object has no attribute 'a'
scanning link :https://www.uio.no/studier/emner/sv/statsvitenskap/STV4124/v25/timeplan/index.html
could not scan /studier/emner/sv/statsvitenskap/STV4124/index.html: list index out of range
scanning link :https://www.uio.no/studier/emner/sv/statsvitenskap/STV4125/v25/timeplan/index.html
could not scan /studier/emner/sv/statsvitenskap/STV4125/index.html: list index out of range
scanning link :https://www.uio.no/studier/emner/sv/statsvitenskap/STV4141/v25/timeplan/index.html
could not scan /studier/emner/sv/statsvitenskap/STV4141/index.html: list index out of range
could not scan /studier/emner/sv/statsvitenskap/STV4214B/index.html: 'NoneType' object has no attribute 'a'
could not scan /studier/emner/sv/statsvitenskap/STV4222/index.html: 'NoneType' object has no attribute 'a'
scanning link :https://www.uio.no/studier/emner/sv/statsvitenskap/STV4225B/v25/timeplan/index.html
could not scan /studier/emner/sv/statsvitenskap/STV4225B/index.html: list index out of range
scanning link :https://www.uio.no/studier/emner/sv/statsvitenskap/STV4228B/v25/timeplan/index.html
could not scan /studier/emner/sv/statsvitenskap/STV4228B/index.html: list index out of range
scanning link :https://www.uio.no/studier/emner/sv/statsvitenskap/STV4252/v25/timeplan/index.html
could not scan /studier/emner/sv/statsvitenskap/STV4252/index.html: list index out of range
scanning link :https://www.uio.no/studier/emner/sv/statsvitenskap/STV4255/v25/timeplan/index.html
could not scan /studier/emner/sv/statsvitenskap/STV4255/index.html: list index out of range
scanning link :https://www.uio.no/studier/emner/sv/statsvitenskap/STV4313/v25/timeplan/index.html
could not scan /studier/emner/sv/statsvitenskap/STV4313/index.html: list index out of range
scanning link :https://www.uio.no/studier/emner/sv/statsvitenskap/STV4316B/v25/timeplan/index.html
could not scan /studier/emner/sv/statsvitenskap/STV4316B/index.html: list index out of range
scanning link :https://www.uio.no/studier/emner/sv/statsvitenskap/STV4322B/v25/timeplan/index.html
could not scan /studier/emner/sv/statsvitenskap/STV4322B/index.html: list index out of range
could not scan /studier/emner/sv/statsvitenskap/STV4326/index.html: 'NoneType' object has no attribute 'a'
scanning link :https://www.uio.no/studier/emner/sv/statsvitenskap/STV4341/v25/timeplan/index.html
could not scan /studier/emner/sv/statsvitenskap/STV4341/index.html: list index out of range
scanning link :https://www.uio.no/studier/emner/sv/statsvitenskap/STV4422/v25/timeplan/index.html
could not scan /studier/emner/sv/statsvitenskap/STV4422/index.html: list index out of range
scanning link :https://www.uio.no/studier/emner/sv/statsvitenskap/STV4423B/v25/timeplan/index.html
could not scan /studier/emner/sv/statsvitenskap/STV4423B/index.html: list index out of range
scanning link :https://www.uio.no/studier/emner/sv/statsvitenskap/STV4424/v25/timeplan/index.html
could not scan /studier/emner/sv/statsvitenskap/STV4424/index.html: list index out of range
could not scan /studier/emner/sv/statsvitenskap/STV4436/index.html: 'NoneType' object has no attribute 'a'
scanning link :https://www.uio.no/studier/emner/sv/statsvitenskap/STV4445B/v25/timeplan/index.html
could not scan /studier/emner/sv/statsvitenskap/STV4445B/index.html: list index out of range
could not scan /studier/emner/sv/statsvitenskap/STV4447/index.html: 'NoneType' object has no attribute 'a'
could not scan /studier/emner/sv/statsvitenskap/STV4524/index.html: 'NoneType' object has no attribute 'a'
scanning link :https://www.uio.no/studier/emner/sv/statsvitenskap/STV4550/v25/timeplan/index.html
could not scan /studier/emner/sv/statsvitenskap/STV4550/index.html: list index out of range
could not scan /studier/emner/sv/statsvitenskap/STV4824V/index.html: 'NoneType' object has no attribute 'a'
scanning link :https://www.uio.no/studier/emner/sv/statsvitenskap/STV4825V/v25/timeplan/index.html
could not scan /studier/emner/sv/statsvitenskap/STV4825V/index.html: list index out of range
could not scan /studier/emner/sv/statsvitenskap/STV9023/index.html: 'NoneType' object has no attribute 'a'
could not scan /studier/emner/sv/statsvitenskap/STV9036/index.html: 'NoneType' object has no attribute 'a'
could not scan /studier/emner/sv/statsvitenskap/STV9040/index.html: 'NoneType' object has no attribute 'a'
could not scan /studier/emner/sv/statsvitenskap/STV9042/index.html: 'NoneType' object has no attribute 'a'
could not scan /studier/emner/sv/statsvitenskap/STV9050/index.html: 'NoneType' object has no attribute 'a'
could not scan /studier/emner/sv/statsvitenskap/STV9060/index.html: 'NoneType' object has no attribute 'a'
could not scan /studier/emner/sv/sv/STV9431/index.html: 'NoneType' object has no attribute 'a'
could not scan /studier/emner/sv/statsvitenskap/STV9432/index.html: 'NoneType' object has no attribute 'a'
could not scan /studier/emner/sv/statsvitenskap/STV9432B/index.html: 'NoneType' object has no attribute 'a'
scanning link :https://www.uio.no/studier/emner/annet/sum/SUM2509/v25/timeplan/index.html
could not scan /studier/emner/annet/sum/SUM2509/index.html: list index out of range
scanning link :https://www.uio.no/studier/emner/annet/sum/SUM4019/v25/timeplan/index.html
could not scan /studier/emner/annet/sum/SUM4019/index.html: list index out of range
scanning link :https://www.uio.no/studier/emner/annet/sum/SUM4029/v25/timeplan/index.html
could not scan /studier/emner/annet/sum/SUM4029/index.html: list index out of range
scanning link :https://www.uio.no/studier/emner/annet/sum/SUM4032/v25/timeplan/index.html
could not scan /studier/emner/annet/sum/SUM4032/index.html: list index out of range
could not scan /studier/emner/annet/sum/SUM4033/index.html: 'NoneType' object has no attribute 'a'
could not scan /studier/emner/annet/sum/SUM4034/index.html: 'NoneType' object has no attribute 'a'
scanning link :https://www.uio.no/studier/emner/annet/sum/SUM4035/v25/timeplan/index.html
could not scan /studier/emner/annet/sum/SUM4035/index.html: list index out of range
could not scan /studier/emner/annet/sum/SUM4036/index.html: 'NoneType' object has no attribute 'a'
scanning link :https://www.uio.no/studier/emner/annet/sum/SUM4090/v25/timeplan/index.html
could not scan /studier/emner/annet/sum/SUM4090/index.html: list index out of range
scanning link :https://www.uio.no/studier/emner/annet/sum/SUM4300/v25/timeplan/index.html
could not scan /studier/emner/annet/sum/SUM4300/index.html: list index out of range
could not scan /studier/emner/annet/sum/SUM4501/index.html: 'NoneType' object has no attribute 'a'
scanning link :https://www.uio.no/studier/emner/annet/sum/SUM4502/v25/timeplan/index.html
could not scan /studier/emner/annet/sum/SUM4502/index.html: list index out of range
could not scan /studier/emner/annet/sum/SUM4505/index.html: 'NoneType' object has no attribute 'a'
could not scan /studier/emner/annet/sum/SUM4506/index.html: 'NoneType' object has no attribute 'a'
scanning link :https://www.uio.no/studier/emner/annet/sum/SUM4508/v25/timeplan/index.html
could not scan /studier/emner/annet/sum/SUM4508/index.html: list index out of range
scanning link :https://www.uio.no/studier/emner/annet/sum/SUM4509/v25/timeplan/index.html
could not scan /studier/emner/annet/sum/SUM4509/index.html: list index out of range
could not scan /studier/emner/annet/sum/SUM4510/index.html: 'NoneType' object has no attribute 'a'
could not scan /studier/emner/annet/sum/SUM4910/index.html: 'NoneType' object has no attribute 'a'
scanning link :https://www.uio.no/studier/emner/sv/sv/SV9103/v25/timeplan/index.html
could not scan /studier/emner/sv/sv/SV9103/index.html: list index out of range
scanning link :https://www.uio.no/studier/emner/sv/sv/SV9104/v25/timeplan/index.html
could not scan /studier/emner/sv/sv/SV9104/index.html: list index out of range
scanning link :https://www.uio.no/studier/emner/sv/sv/SV9108/v25/timeplan/index.html
could not scan /studier/emner/sv/sv/SV9108/index.html: list index out of range
scanning link :https://www.uio.no/studier/emner/sv/sv/SVEXFAC03/v25/timeplan/index.html
scanning link :https://www.uio.no/studier/emner/sv/sv/SVLEP3090/v25/timeplan/index.html
could not scan /studier/emner/sv/sv/SVLEP3090/index.html: Message: stale element reference: stale element not found in the current frame
  (Session info: chrome=131.0.6778.139); For documentation on this error, please visit: https://www.selenium.dev/documentation/webdriver/troubleshooting/errors#stale-element-reference-exception
Stacktrace:
#0 0x58afe089defa <unknown>
#1 0x58afe03c66c0 <unknown>
#2 0x58afe03cc3fa <unknown>
#3 0x58afe03ce8c3 <unknown>
#4 0x58afe03ce973 <unknown>
#5 0x58afe040ede2 <unknown>
#6 0x58afe0438572 <unknown>
#7 0x58afe0408d28 <unknown>
#8 0x58afe043873e <unknown>
#9 0x58afe0456c4e <unknown>
#10 0x58afe0438313 <unknown>
#11 0x58afe0406fcf <unknown>
#12 0x58afe0407fee <unknown>
#13 0x58afe086c2df <unknown>
#14 0x58afe08703fd <unknown>
#15 0x58afe085a977 <unknown>
#16 0x58afe0870b71 <unknown>
#17 0x58afe084296e <unknown>
#18 0x58afe088cc18 <unknown>
#19 0x58afe088ce1a <unknown>
#20 0x58afe089cb6c <unknown>
#21 0x71f0ec3afac3 <unknown>

scanning link :https://www.uio.no/studier/emner/sv/sv/SVPRO4000/v25/timeplan/index.html
could not scan /studier/emner/sv/sv/SVPRO4000/index.html: list index out of range
could not scan /studier/emner/matnat/its/TEK-IN5930/index.html: 'NoneType' object has no attribute 'a'
could not scan /studier/emner/matnat/its/TEK-IN5960/index.html: 'NoneType' object has no attribute 'a'
scanning link :https://www.uio.no/studier/emner/matnat/its/TEK4050/v25/timeplan/index.html
could not scan /studier/emner/matnat/its/TEK4050/index.html: list index out of range
could not scan /studier/emner/matnat/its/TEK4120/index.html: 'NoneType' object has no attribute 'a'
scanning link :https://www.uio.no/studier/emner/matnat/its/TEK4560/v25/timeplan/index.html
could not scan /studier/emner/matnat/its/TEK4560/index.html: list index out of range
scanning link :https://www.uio.no/studier/emner/matnat/its/TEK5030/v25/timeplan/index.html
could not scan /studier/emner/matnat/its/TEK5030/index.html: list index out of range
scanning link :https://www.uio.no/studier/emner/matnat/its/TEK5050/v25/timeplan/index.html
could not scan /studier/emner/matnat/its/TEK5050/index.html: list index out of range
could not scan /studier/emner/matnat/its/TEK5100/index.html: 'NoneType' object has no attribute 'a'
could not scan /studier/emner/matnat/its/TEK5140/index.html: 'NoneType' object has no attribute 'a'
scanning link :https://www.uio.no/studier/emner/matnat/its/TEK5160/v25/timeplan/index.html
scanning link :https://www.uio.no/studier/emner/matnat/its/TEK5330/v25/timeplan/index.html
could not scan /studier/emner/matnat/its/TEK5330/index.html: list index out of range
scanning link :https://www.uio.no/studier/emner/matnat/its/TEK5340/v25/timeplan/index.html
could not scan /studier/emner/matnat/its/TEK5340/index.html: list index out of range
scanning link :https://www.uio.no/studier/emner/matnat/its/TEK5380/v25/timeplan/index.html
could not scan /studier/emner/matnat/its/TEK5380/index.html: list index out of range
scanning link :https://www.uio.no/studier/emner/matnat/its/TEK5430/v25/timeplan/index.html
could not scan /studier/emner/matnat/its/TEK5430/index.html: list index out of range
scanning link :https://www.uio.no/studier/emner/matnat/its/TEK5530/v25/timeplan/index.html
could not scan /studier/emner/matnat/its/TEK5530/index.html: list index out of range
scanning link :https://www.uio.no/studier/emner/matnat/its/TEK5550/v25/timeplan/index.html
could not scan /studier/emner/matnat/its/TEK5550/index.html: list index out of range
scanning link :https://www.uio.no/studier/emner/matnat/its/TEK5600/v25/timeplan/index.html
could not scan /studier/emner/matnat/its/TEK5600/index.html: list index out of range
scanning link :https://www.uio.no/studier/emner/matnat/its/TEK5710/v25/timeplan/index.html
could not scan /studier/emner/matnat/its/TEK5710/index.html: list index out of range
scanning link :https://www.uio.no/studier/emner/matnat/its/TEK5720/v25/timeplan/index.html
could not scan /studier/emner/matnat/its/TEK5720/index.html: list index out of range
could not scan /studier/emner/matnat/its/TEK5930/index.html: 'NoneType' object has no attribute 'a'
could not scan /studier/emner/matnat/its/TEK5960/index.html: 'NoneType' object has no attribute 'a'
scanning link :https://www.uio.no/studier/emner/matnat/its/TEK9030/v25/timeplan/index.html
scanning link :https://www.uio.no/studier/emner/matnat/its/TEK9050/v25/timeplan/index.html
could not scan /studier/emner/matnat/its/TEK9100/index.html: 'NoneType' object has no attribute 'a'
could not scan /studier/emner/matnat/its/TEK9140/index.html: 'NoneType' object has no attribute 'a'
scanning link :https://www.uio.no/studier/emner/matnat/its/TEK9160/v25/timeplan/index.html
scanning link :https://www.uio.no/studier/emner/matnat/its/TEK9330/v25/timeplan/index.html
scanning link :https://www.uio.no/studier/emner/matnat/its/TEK9340/v25/timeplan/index.html
scanning link :https://www.uio.no/studier/emner/matnat/its/TEK9430/v25/timeplan/index.html
scanning link :https://www.uio.no/studier/emner/matnat/its/TEK9450/v25/timeplan/index.html
scanning link :https://www.uio.no/studier/emner/matnat/its/TEK9530/v25/timeplan/index.html
scanning link :https://www.uio.no/studier/emner/matnat/its/TEK9550/v25/timeplan/index.html
scanning link :https://www.uio.no/studier/emner/matnat/its/TEK9600/v25/timeplan/index.html
could not scan /studier/emner/matnat/its/TEK9610/index.html: 'NoneType' object has no attribute 'a'
scanning link :https://www.uio.no/studier/emner/teologi/tf/TEOL1004/v25/timeplan/index.html
could not scan /studier/emner/teologi/tf/TEOL1004/index.html: list index out of range
scanning link :https://www.uio.no/studier/emner/teologi/tf/TEOL1200/v25/timeplan/index.html
could not scan /studier/emner/teologi/tf/TEOL1200/index.html: list index out of range
scanning link :https://www.uio.no/studier/emner/teologi/tf/TEOL2004/v25/timeplan/index.html
could not scan /studier/emner/teologi/tf/TEOL2004/index.html: list index out of range
scanning link :https://www.uio.no/studier/emner/teologi/tf/TEOL3003/v25/timeplan/index.html
could not scan /studier/emner/teologi/tf/TEOL3003/index.html: list index out of range
scanning link :https://www.uio.no/studier/emner/teologi/tf/TEOL3155/v25/timeplan/index.html
could not scan /studier/emner/teologi/tf/TEOL3155/index.html: list index out of range
scanning link :https://www.uio.no/studier/emner/teologi/tf/TEOL3900/v25/timeplan/index.html
could not scan /studier/emner/teologi/tf/TEOL3900/index.html: list index out of range
scanning link :https://www.uio.no/studier/emner/teologi/tf/TEOL4002/v25/timeplan/index.html
could not scan /studier/emner/teologi/tf/TEOL4002/index.html: list index out of range
scanning link :https://www.uio.no/studier/emner/teologi/tf/TEOL4003/v25/timeplan/index.html
could not scan /studier/emner/teologi/tf/TEOL4003/index.html: list index out of range
scanning link :https://www.uio.no/studier/emner/teologi/tf/TEOL4012/v25/timeplan/index.html
could not scan /studier/emner/teologi/tf/TEOL4012/index.html: list index out of range
scanning link :https://www.uio.no/studier/emner/teologi/tf/TEOL4020/v25/timeplan/index.html
could not scan /studier/emner/teologi/tf/TEOL4020/index.html: list index out of range
scanning link :https://www.uio.no/studier/emner/teologi/tf/TEOL4155/v25/timeplan/index.html
scanning link :https://www.uio.no/studier/emner/teologi/tf/TEOL4202/v25/timeplan/index.html
scanning link :https://www.uio.no/studier/emner/teologi/tf/TEOL4401/v25/timeplan/index.html
could not scan /studier/emner/teologi/tf/TEOL4401/index.html: list index out of range
scanning link :https://www.uio.no/studier/emner/teologi/tf/TEOL4500/v25/timeplan/index.html
could not scan /studier/emner/teologi/tf/TEOL4500/index.html: list index out of range
could not scan /studier/emner/teologi/tf/TEOL4580/index.html: 'NoneType' object has no attribute 'a'
scanning link :https://www.uio.no/studier/emner/teologi/tf/TEOL4590/v25/timeplan/index.html
scanning link :https://www.uio.no/studier/emner/teologi/tf/TEOL4901/v25/timeplan/index.html
could not scan /studier/emner/teologi/tf/TEOL4901/index.html: list index out of range
scanning link :https://www.uio.no/studier/emner/teologi/tf/TEOL4903/v25/timeplan/index.html
could not scan /studier/emner/teologi/tf/TEOL4903/index.html: list index out of range
scanning link :https://www.uio.no/studier/emner/annet/test/TESTEMNE/v25/timeplan/index.html
could not scan /studier/emner/annet/test/TESTEMNE/index.html: list index out of range
scanning link :https://www.uio.no/studier/emner/teologi/tf/TFF1001/v25/timeplan/index.html
could not scan /studier/emner/teologi/tf/TFF1001/index.html: list index out of range
scanning link :https://www.uio.no/studier/emner/teologi/tf/TFF1003/v25/timeplan/index.html
could not scan /studier/emner/teologi/tf/TFF1003/index.html: list index out of range
scanning link :https://www.uio.no/studier/emner/teologi/tf/TFF1004/v25/timeplan/index.html
could not scan /studier/emner/teologi/tf/TFF1004/index.html: list index out of range
scanning link :https://www.uio.no/studier/emner/teologi/tf/TFF3001/v25/timeplan/index.html
could not scan /studier/emner/teologi/tf/TFF3001/index.html: list index out of range
scanning link :https://www.uio.no/studier/emner/teologi/tf/TFF3224/v25/timeplan/index.html
could not scan /studier/emner/teologi/tf/TFF3224/index.html: list index out of range
scanning link :https://www.uio.no/studier/emner/teologi/tf/TFF4224/v25/timeplan/index.html
could not scan /studier/emner/teologi/tf/TFF4224/index.html: list index out of range
scanning link :https://www.uio.no/studier/emner/teologi/tf/TFO1011/v25/timeplan/index.html
could not scan /studier/emner/teologi/tf/TFO1011/index.html: list index out of range
scanning link :https://www.uio.no/studier/emner/teologi/tf/TFO1012/v25/timeplan/index.html
scanning link :https://www.uio.no/studier/emner/teologi/tf/TFO1013/v25/timeplan/index.html
scanning link :https://www.uio.no/studier/emner/sv/tik/TIK2101/v25/timeplan/index.html
could not scan /studier/emner/sv/tik/TIK2101/index.html: list index out of range
scanning link :https://www.uio.no/studier/emner/sv/tik/TIK2111/v25/timeplan/index.html
could not scan /studier/emner/sv/tik/TIK2111/index.html: list index out of range
scanning link :https://www.uio.no/studier/emner/sv/tik/TIK2201/v25/timeplan/index.html
could not scan /studier/emner/sv/tik/TIK2201/index.html: list index out of range
could not scan /studier/emner/sv/tik/TIK2401/index.html: 'NoneType' object has no attribute 'a'
scanning link :https://www.uio.no/studier/emner/sv/tik/TIK4011/v25/timeplan/index.html
could not scan /studier/emner/sv/tik/TIK4011/index.html: list index out of range
scanning link :https://www.uio.no/studier/emner/sv/tik/TIK4021/v25/timeplan/index.html
could not scan /studier/emner/sv/tik/TIK4021/index.html: list index out of range
scanning link :https://www.uio.no/studier/emner/sv/tik/tik4031/v25/timeplan/index.html
could not scan /studier/emner/sv/tik/tik4031/index.html: list index out of range
scanning link :https://www.uio.no/studier/emner/sv/tik/TIK4040/v25/timeplan/index.html
could not scan /studier/emner/sv/tik/TIK4040/index.html: list index out of range
could not scan /studier/emner/sv/tik/TIK4090/index.html: 'NoneType' object has no attribute 'a'
could not scan /studier/emner/sv/tik/TIK4093/index.html: 'NoneType' object has no attribute 'a'
could not scan /studier/emner/sv/tik/TIK9011/index.html: 'NoneType' object has no attribute 'a'
scanning link :https://www.uio.no/studier/emner/sv/tik/TIK9025/v25/timeplan/index.html
could not scan /studier/emner/sv/tik/TIK9025/index.html: list index out of range
could not scan /studier/emner/sv/tik/TIK9101/index.html: 'NoneType' object has no attribute 'a'
could not scan /studier/emner/sv/tik/TIK9102/index.html: 'NoneType' object has no attribute 'a'
scanning link :https://www.uio.no/studier/emner/sv/tik/TIK9102A/v25/timeplan/index.html
could not scan /studier/emner/sv/tik/TIK9102B/index.html: 'NoneType' object has no attribute 'a'
could not scan /studier/emner/sv/tik/TIK9102C/index.html: 'NoneType' object has no attribute 'a'
scanning link :https://www.uio.no/studier/emner/odont/tannpleie/TP1200/v25/timeplan/index.html
could not scan /studier/emner/odont/tannpleie/TP1200/index.html: list index out of range
scanning link :https://www.uio.no/studier/emner/odont/tannpleie/TP2200/v25/timeplan/index.html
could not scan /studier/emner/odont/tannpleie/TP2200/index.html: list index out of range
scanning link :https://www.uio.no/studier/emner/odont/tannpleie/TP3200/v25/timeplan/index.html
could not scan /studier/emner/odont/tannpleie/TP3200/index.html: list index out of range
could not scan /studier/emner/hf/ilos/TSJ1002/index.html: 'NoneType' object has no attribute 'a'
could not scan /studier/emner/hf/ilos/TSJ2103/index.html: 'NoneType' object has no attribute 'a'
could not scan /studier/emner/hf/ilos/TSJ4091/index.html: 'NoneType' object has no attribute 'a'
scanning link :https://www.uio.no/studier/emner/hf/ikos/TYR1020/v25/timeplan/index.html
could not scan /studier/emner/hf/ikos/TYR1020/index.html: list index out of range
scanning link :https://www.uio.no/studier/emner/hf/ikos/TYR2010/v25/timeplan/index.html
scanning link :https://www.uio.no/studier/emner/hf/ikos/TYR3020/v25/timeplan/index.html
scanning link :https://www.uio.no/studier/emner/hf/ilos/TYSK1120/v25/timeplan/index.html
could not scan /studier/emner/hf/ilos/TYSK1120/index.html: list index out of range
scanning link :https://www.uio.no/studier/emner/hf/ilos/TYSK1400/v25/timeplan/index.html
could not scan /studier/emner/hf/ilos/TYSK1400/index.html: list index out of range
scanning link :https://www.uio.no/studier/emner/hf/ilos/TYSK2104/v25/timeplan/index.html
could not scan /studier/emner/hf/ilos/TYSK2104/index.html: list index out of range
scanning link :https://www.uio.no/studier/emner/hf/ilos/TYSK3010/v25/timeplan/index.html
could not scan /studier/emner/hf/ilos/TYSK3010/index.html: list index out of range
could not scan /studier/emner/hf/ilos/TYSK4091/index.html: 'NoneType' object has no attribute 'a'
could not scan /studier/emner/hf/ilos/TYSK4192/index.html: 'NoneType' object has no attribute 'a'
could not scan /studier/emner/hf/ilos/TYSK4193/index.html: 'NoneType' object has no attribute 'a'
could not scan /studier/emner/hf/ilos/TYSK4194/index.html: 'NoneType' object has no attribute 'a'
scanning link :https://www.uio.no/studier/emner/hf/ilos/TYSK4344/v25/timeplan/index.html
could not scan /studier/emner/hf/ilos/TYSK4344/index.html: list index out of range
could not scan /studier/emner/hf/ilos/TYSK4390/index.html: 'NoneType' object has no attribute 'a'
could not scan /studier/emner/hf/ilos/TYSK4391/index.html: 'NoneType' object has no attribute 'a'
could not scan /studier/emner/hf/ilos/TYSK4491/index.html: 'NoneType' object has no attribute 'a'
scanning link :https://www.uio.no/studier/emner/hf/ilos/TYSK4506/v25/timeplan/index.html
could not scan /studier/emner/hf/ilos/TYSK4507/index.html: 'NoneType' object has no attribute 'a'
could not scan /studier/emner/hf/ilos/TYSK4591/index.html: 'NoneType' object has no attribute 'a'
could not scan /studier/emner/hf/ilos/TYSK4593/index.html: 'NoneType' object has no attribute 'a'
scanning link :https://www.uio.no/studier/emner/sv/sv/UIOKAR0120/v25/timeplan/index.html
scanning link :https://www.uio.no/studier/emner/sv/sv/UIOKAR0220/v25/timeplan/index.html
scanning link :https://www.uio.no/studier/emner/sv/sv/UIOKAR0320/v25/timeplan/index.html
scanning link :https://www.uio.no/studier/emner/sv/sv/UIOKAR0420/v25/timeplan/index.html
scanning link :https://www.uio.no/studier/emner/sv/sv/UIOKAR0520/v25/timeplan/index.html
scanning link :https://www.uio.no/studier/emner/uv/ils/UTLED4090/v25/timeplan/index.html
could not scan /studier/emner/uv/ils/UTLED4090/index.html: list index out of range
scanning link :https://www.uio.no/studier/emner/uv/ils/UTLED4111/v25/timeplan/index.html
could not scan /studier/emner/uv/ils/UTLED4111/index.html: list index out of range
scanning link :https://www.uio.no/studier/emner/uv/ils/UTLED4111B/v25/timeplan/index.html
could not scan /studier/emner/uv/ils/UTLED4111B/index.html: list index out of range
scanning link :https://www.uio.no/studier/emner/uv/ils/UTLED4227/v25/timeplan/index.html
could not scan /studier/emner/uv/ils/UTLED4227/index.html: list index out of range
scanning link :https://www.uio.no/studier/emner/uv/ils/UTLED4301/v25/timeplan/index.html
scanning link :https://www.uio.no/studier/emner/uv/ils/UTLED4302/v25/timeplan/index.html
scanning link :https://www.uio.no/studier/emner/sv/sv/UTV3091/v25/timeplan/index.html
could not scan /studier/emner/sv/sv/UTV3091/index.html: list index out of range
scanning link :https://www.uio.no/studier/emner/uv/uv/UV9002/v25/timeplan/index.html
scanning link :https://www.uio.no/studier/emner/uv/uv/UV9040A/v25/timeplan/index.html
could not scan /studier/emner/uv/uv/UV9040A/index.html: list index out of range
could not scan /studier/emner/uv/uv/UV9040B/index.html: 'NoneType' object has no attribute 'a'
could not scan /studier/emner/uv/uv/UV9040C/index.html: 'NoneType' object has no attribute 'a'
could not scan /studier/emner/uv/uv/UV9040D/index.html: 'NoneType' object has no attribute 'a'
scanning link :https://www.uio.no/studier/emner/uv/uv/UV9102A/v25/timeplan/index.html
could not scan /studier/emner/uv/uv/UV9102A/index.html: list index out of range
scanning link :https://www.uio.no/studier/emner/uv/uv/UV9102B/v25/timeplan/index.html
could not scan /studier/emner/uv/uv/UV9102B/index.html: list index out of range
could not scan /studier/emner/uv/uv/UV9116/index.html: 'NoneType' object has no attribute 'a'
could not scan /studier/emner/uv/uv/UV9120/index.html: 'NoneType' object has no attribute 'a'
could not scan /studier/emner/uv/uv/UV9121/index.html: 'NoneType' object has no attribute 'a'
could not scan /studier/emner/uv/uv/UV9122/index.html: 'NoneType' object has no attribute 'a'
scanning link :https://www.uio.no/studier/emner/uv/uv/UV9210/v25/timeplan/index.html
could not scan /studier/emner/uv/uv/UV9210/index.html: list index out of range
could not scan /studier/emner/uv/uv/UV9213/index.html: 'NoneType' object has no attribute 'a'
scanning link :https://www.uio.no/studier/emner/uv/uv/UV9216/v25/timeplan/index.html
could not scan /studier/emner/uv/uv/UV9216/index.html: list index out of range
could not scan /studier/emner/uv/uv/UV9257/index.html: 'NoneType' object has no attribute 'a'
scanning link :https://www.uio.no/studier/emner/uv/uv/UV9293/v25/timeplan/index.html
could not scan /studier/emner/uv/uv/UV9293/index.html: list index out of range
scanning link :https://www.uio.no/studier/emner/uv/uv/UV9297/v25/timeplan/index.html
could not scan /studier/emner/uv/uv/UV9297/index.html: list index out of range
scanning link :https://www.uio.no/studier/emner/uv/uv/UV9364/v25/timeplan/index.html
could not scan /studier/emner/uv/uv/UV9364/index.html: list index out of range
could not scan /studier/emner/uv/uv/UV9365/index.html: 'NoneType' object has no attribute 'a'
could not scan /studier/emner/uv/uv/UV9366/index.html: 'NoneType' object has no attribute 'a'
could not scan /studier/emner/uv/uv/UV9416/index.html: 'NoneType' object has no attribute 'jsonExport'
could not scan /studier/emner/uv/uv/UV9417/index.html: 'NoneType' object has no attribute 'a'
could not scan /studier/emner/uv/uv/UV9501/index.html: 'NoneType' object has no attribute 'a'
scanning link :https://www.uio.no/studier/emner/uv/ils/VEIL4001/v25/timeplan/index.html
scanning link :https://www.uio.no/studier/emner/uv/ils/VEIL4001B/v25/timeplan/index.html
could not scan /studier/emner/uv/ils/VEIL4001B/index.html: list index out of range
scanning link :https://www.uio.no/studier/emner/uv/ils/VEIL4002/v25/timeplan/index.html
scanning link :https://www.uio.no/studier/emner/uv/ils/VEIL4002B/v25/timeplan/index.html
could not scan /studier/emner/uv/ils/VEIL4002B/index.html: list index out of range
could not scan /studier/emner/uv/ils/VEIL4105S/index.html: 'NoneType' object has no attribute 'a'
could not scan /studier/emner/uv/ils/VEIL4106S/index.html: 'NoneType' object has no attribute 'a'
could not scan /studier/emner/uv/ils/VEIL4107S/index.html: 'NoneType' object has no attribute 'a'
scanning link :https://www.uio.no/studier/emner/hf/iln/VMS4100/v25/timeplan/index.html
could not scan /studier/emner/hf/iln/VMS4100/index.html: list index out of range
could not scan /studier/emner/hf/iln/VMS4190/index.html: 'NoneType' object has no attribute 'a'
could not scan /studier/emner/hf/iln/VMS4195/index.html: 'NoneType' object has no attribute 'a'
could not scan /studier/emner/hf/iakh/VMSIAKH4190/index.html: 'NoneType' object has no attribute 'a'
could not scan /studier/emner/hf/iakh/VMSIAKH4195/index.html: 'NoneType' object has no attribute 'a'
--- 2516.5994946956635 seconds ---
scanned 0 out of 1971
